سؤال,شماره دامنه,عنوان دامنه,شماره سؤال,گزینه ۰,گزینه ۱,گزینه ۲,گزینه ۳,اقدام اصلاحی بخش,تشخیص پشت‌صحنه سؤال,تفسیر امتیاز (بخش),تفسیر امتیاز (سؤال),عارضه‌های تشخیصی بخش
وقتی به مشتری‌های قبلی‌تان نگاه می‌کنید، می‌توانید بگویید کدام نوع مشتری برای شما بهتر و سودآورتر است؟,1,Persona / شناخت مشتری مناسب,1,نه، معمولاً هر کسی بخرد برای ما مشتری محسوب می‌شود.,تا حدی می‌دانیم بعضی مشتری‌ها بهترند، اما دقیق تعریف نکرده‌ایم چه ویژگی‌هایی دارند.,تقریباً می‌دانیم مشتری‌های خوب ما چه ویژگی‌هایی دارند.,دقیق مشخص کرده‌ایم مشتری خوب ما چه کسی است و چه مشتری‌هایی را بهتر است جذب نکنیم یا به آن‌ها نفروشیم.,ساخت پرسونا برای هر گروه مشتری مهم (هدف، درد، ترس، مانع تصمیم، کانال، جمله‌های ذهنی، معیار انتخاب) و تحلیل ۱۰ مشتری خوب اخیر برای استخراج ویژگی‌های مشترک؛ سپس استفاده از این شناخت در پیام، کانال و پیشنهاد و تعریف صریح مشتری نامناسب.,می‌سنجد آیا کسب‌وکار مشتری مناسب را از نامناسب جدا کرده یا فقط دنبال «تعداد مشتری» است.,جمع ۵ سؤال (۰ تا ۱۵). ۰–۳ بحرانی: مشتری هدف عملاً تعریف نشده. ۴–۶ ضعیف: شناخت پراکنده و ذهنی. ۷–۹ متوسط: پایهٔ شناخت هست ولی سیستماتیک نیست. ۱۰–۱۲ سالم: مشتری مناسب مشخص و قابل استفاده است. ۱۳–۱۵ پیشرفته: پرسونا مستند، داده‌محور و در کل قیف جاری است.,۰ بحرانی: هر خریداری مشتری محسوب می‌شود و معیار کیفیت وجود ندارد. ۱ ضعیف: حس کلی هست ولی ویژگی‌ها تعریف نشده. ۲ متوسط: ویژگی‌های مشتری خوب تا حد زیادی مشخص است. ۳ پیشرفته: مشتری خوب و مشتری نامناسب هر دو دقیق تعریف شده‌اند.,عارضهٔ استراتژیک و کیفیت مخاطب. ضعف در این دامنه یعنی کسب‌وکار برای «همه» بازاریابی می‌کند، مشتری مناسب را از نامناسب جدا نمی‌کند و از دادهٔ مشتریان قبلی استفاده نمی‌کند. نتیجه: پیام عمومی و کم‌اثر، جذب لید بی‌کیفیت، چانه‌زنی و اعتراض قیمت بیشتر، CAC بالا، نرخ تبدیل پایین و نارضایتی بعد از خرید.
اگر ۱۰ مشتری خوب آخر خود را بررسی کنید، آیا می‌توانید بگویید چه شباهتی بین آن‌ها وجود دارد؟,1,Persona / شناخت مشتری مناسب,2,نه، تا حالا مشتری‌های خوبمان را این‌طوری بررسی نکرده‌ایم.,چند حدس کلی داریم، اما بر اساس بررسی واقعی مشتری‌ها نیست.,تا حدی بررسی کرده‌ایم و چند ویژگی مشترک بین مشتری‌های خوبمان می‌شناسیم.,مشخص می‌دانیم بهترین مشتری‌های ما چه ویژگی‌هایی دارند و از این اطلاعات در تبلیغ، فروش و پیشنهادها استفاده می‌کنیم.,ساخت پرسونا برای هر گروه مشتری مهم (هدف، درد، ترس، مانع تصمیم، کانال، جمله‌های ذهنی، معیار انتخاب) و تحلیل ۱۰ مشتری خوب اخیر برای استخراج ویژگی‌های مشترک؛ سپس استفاده از این شناخت در پیام، کانال و پیشنهاد و تعریف صریح مشتری نامناسب.,می‌سنجد آیا کسب‌وکار از دادهٔ مشتریان واقعی خود برای شناخت بازار استفاده می‌کند یا نه.,جمع ۵ سؤال (۰ تا ۱۵). ۰–۳ بحرانی: مشتری هدف عملاً تعریف نشده. ۴–۶ ضعیف: شناخت پراکنده و ذهنی. ۷–۹ متوسط: پایهٔ شناخت هست ولی سیستماتیک نیست. ۱۰–۱۲ سالم: مشتری مناسب مشخص و قابل استفاده است. ۱۳–۱۵ پیشرفته: پرسونا مستند، داده‌محور و در کل قیف جاری است.,۰ بحرانی: مشتریان خوب هرگز این‌طور بررسی نشده‌اند. ۱ ضعیف: چند حدس بدون بررسی واقعی. ۲ متوسط: چند ویژگی مشترک شناسایی شده. ۳ پیشرفته: ویژگی‌های مشترک مشخص و در تبلیغ/فروش/پیشنهاد به‌کار گرفته می‌شود.,عارضهٔ استراتژیک و کیفیت مخاطب. ضعف در این دامنه یعنی کسب‌وکار برای «همه» بازاریابی می‌کند، مشتری مناسب را از نامناسب جدا نمی‌کند و از دادهٔ مشتریان قبلی استفاده نمی‌کند. نتیجه: پیام عمومی و کم‌اثر، جذب لید بی‌کیفیت، چانه‌زنی و اعتراض قیمت بیشتر، CAC بالا، نرخ تبدیل پایین و نارضایتی بعد از خرید.
قبل از اینکه مشتری از شما خرید کند، معمولاً می‌دانید اصلی‌ترین نگرانی یا تردیدش چیست؟,1,Persona / شناخت مشتری مناسب,3,نه، معمولاً فقط وقتی مشتری اعتراض می‌کند متوجه نگرانی‌اش می‌شویم.,چند نگرانی رایج را حدس می‌زنیم، اما ثبت یا دسته‌بندی نکرده‌ایم.,نگرانی‌های اصلی مشتری را می‌شناسیم و معمولاً می‌دانیم چطور جواب بدهیم.,نگرانی‌های مشتری را ثبت کرده‌ایم و برای هرکدام محتوا، پاسخ، نمونه، ضمانت یا توضیح آماده داریم.,ساخت پرسونا برای هر گروه مشتری مهم (هدف، درد، ترس، مانع تصمیم، کانال، جمله‌های ذهنی، معیار انتخاب) و تحلیل ۱۰ مشتری خوب اخیر برای استخراج ویژگی‌های مشترک؛ سپس استفاده از این شناخت در پیام، کانال و پیشنهاد و تعریف صریح مشتری نامناسب.,شناخت درد، مانع خرید و اعتراض‌های ذهنی مشتری را می‌سنجد.,جمع ۵ سؤال (۰ تا ۱۵). ۰–۳ بحرانی: مشتری هدف عملاً تعریف نشده. ۴–۶ ضعیف: شناخت پراکنده و ذهنی. ۷–۹ متوسط: پایهٔ شناخت هست ولی سیستماتیک نیست. ۱۰–۱۲ سالم: مشتری مناسب مشخص و قابل استفاده است. ۱۳–۱۵ پیشرفته: پرسونا مستند، داده‌محور و در کل قیف جاری است.,۰ بحرانی: نگرانی فقط وقتی اعتراض می‌شود دیده می‌شود. ۱ ضعیف: چند نگرانی حدس‌زده ولی ثبت‌نشده. ۲ متوسط: نگرانی‌های اصلی شناخته‌شده و قابل پاسخ. ۳ پیشرفته: نگرانی‌ها ثبت و برای هرکدام پاسخ/نمونه/ضمانت آماده است.,عارضهٔ استراتژیک و کیفیت مخاطب. ضعف در این دامنه یعنی کسب‌وکار برای «همه» بازاریابی می‌کند، مشتری مناسب را از نامناسب جدا نمی‌کند و از دادهٔ مشتریان قبلی استفاده نمی‌کند. نتیجه: پیام عمومی و کم‌اثر، جذب لید بی‌کیفیت، چانه‌زنی و اعتراض قیمت بیشتر، CAC بالا، نرخ تبدیل پایین و نارضایتی بعد از خرید.
وقتی تبلیغ، پست، استوری، پیامک یا متن فروش می‌نویسید، دقیقاً می‌دانید دارید با چه نوع مشتری‌ای حرف می‌زنید؟,1,Persona / شناخت مشتری مناسب,4,نه، معمولاً پیام‌ها را عمومی می‌نویسیم که برای همه قابل استفاده باشد.,گاهی به یک گروه خاص فکر می‌کنیم، اما بیشتر پیام‌ها هنوز عمومی‌اند.,بیشتر پیام‌ها را برای یک نوع مشتری مشخص می‌نویسیم.,برای هر گروه مشتری مهم، پیام، مثال، لحن و پیشنهاد جداگانه طراحی می‌کنیم.,ساخت پرسونا برای هر گروه مشتری مهم (هدف، درد، ترس، مانع تصمیم، کانال، جمله‌های ذهنی، معیار انتخاب) و تحلیل ۱۰ مشتری خوب اخیر برای استخراج ویژگی‌های مشترک؛ سپس استفاده از این شناخت در پیام، کانال و پیشنهاد و تعریف صریح مشتری نامناسب.,می‌سنجد آیا شناخت مشتری واقعاً در پیام‌سازی به‌کار می‌رود یا فقط در ذهن مانده است.,جمع ۵ سؤال (۰ تا ۱۵). ۰–۳ بحرانی: مشتری هدف عملاً تعریف نشده. ۴–۶ ضعیف: شناخت پراکنده و ذهنی. ۷–۹ متوسط: پایهٔ شناخت هست ولی سیستماتیک نیست. ۱۰–۱۲ سالم: مشتری مناسب مشخص و قابل استفاده است. ۱۳–۱۵ پیشرفته: پرسونا مستند، داده‌محور و در کل قیف جاری است.,۰ بحرانی: پیام‌ها عمومی برای همه. ۱ ضعیف: گاهی گروه خاص، ولی بیشتر عمومی. ۲ متوسط: بیشتر پیام‌ها برای یک نوع مشتری. ۳ پیشرفته: برای هر گروه مهم پیام، لحن و پیشنهاد جداگانه.,عارضهٔ استراتژیک و کیفیت مخاطب. ضعف در این دامنه یعنی کسب‌وکار برای «همه» بازاریابی می‌کند، مشتری مناسب را از نامناسب جدا نمی‌کند و از دادهٔ مشتریان قبلی استفاده نمی‌کند. نتیجه: پیام عمومی و کم‌اثر، جذب لید بی‌کیفیت، چانه‌زنی و اعتراض قیمت بیشتر، CAC بالا، نرخ تبدیل پایین و نارضایتی بعد از خرید.
آیا می‌دانید کدام مسیر برای شما مشتری باکیفیت‌تر می‌آورد؟,1,Persona / شناخت مشتری مناسب,5,نه، فقط می‌دانیم از بعضی جاها مشتری می‌آید، اما کیفیتشان را مقایسه نمی‌کنیم.,حدس می‌زنیم بعضی کانال‌ها مشتری بهتری می‌آورند، اما عدد یا بررسی مشخص نداریم.,تا حدی می‌دانیم کدام کانال مشتری بهتر می‌آورد، اما هنوز منظم تحلیل نمی‌کنیم.,دقیق بررسی می‌کنیم هر کانال چه نوع مشتری می‌آورد، چقدر خرید می‌کند و چقدر احتمال برگشت یا معرفی دارد.,ساخت پرسونا برای هر گروه مشتری مهم (هدف، درد، ترس، مانع تصمیم، کانال، جمله‌های ذهنی، معیار انتخاب) و تحلیل ۱۰ مشتری خوب اخیر برای استخراج ویژگی‌های مشترک؛ سپس استفاده از این شناخت در پیام، کانال و پیشنهاد و تعریف صریح مشتری نامناسب.,کیفیت کانال جذب را می‌سنجد، نه فقط تعداد ورودی.,جمع ۵ سؤال (۰ تا ۱۵). ۰–۳ بحرانی: مشتری هدف عملاً تعریف نشده. ۴–۶ ضعیف: شناخت پراکنده و ذهنی. ۷–۹ متوسط: پایهٔ شناخت هست ولی سیستماتیک نیست. ۱۰–۱۲ سالم: مشتری مناسب مشخص و قابل استفاده است. ۱۳–۱۵ پیشرفته: پرسونا مستند، داده‌محور و در کل قیف جاری است.,۰ بحرانی: کیفیت کانال‌ها مقایسه نمی‌شود. ۱ ضعیف: حدس بدون داده. ۲ متوسط: شناخت نسبی بدون تحلیل منظم. ۳ پیشرفته: هر کانال از نظر کیفیت، خرید و احتمال برگشت/معرفی تحلیل می‌شود.,عارضهٔ استراتژیک و کیفیت مخاطب. ضعف در این دامنه یعنی کسب‌وکار برای «همه» بازاریابی می‌کند، مشتری مناسب را از نامناسب جدا نمی‌کند و از دادهٔ مشتریان قبلی استفاده نمی‌کند. نتیجه: پیام عمومی و کم‌اثر، جذب لید بی‌کیفیت، چانه‌زنی و اعتراض قیمت بیشتر، CAC بالا، نرخ تبدیل پایین و نارضایتی بعد از خرید.
وقتی مشتری جدید با پیج، سایت، مغازه، تبلیغ یا فروشنده شما روبه‌رو می‌شود، سریع می‌فهمد شما دقیقاً چه کمکی به او می‌کنید؟,2,UVP / ارزش پیشنهادی,1,نه، پیام ما کلی است و مشتری باید خودش حدس بزند.,تا حدی مشخص است، اما هنوز نیاز به توضیح زیاد دارد.,در بیشتر نقاط تماس، مشتری متوجه می‌شود ما چه مشکلی را حل می‌کنیم.,پیام اصلی ما ساده، روشن و در همه نقاط تماس قابل فهم است.,ساخت UVP با قالب «ما به [مخاطب] کمک می‌کنیم [نتیجهٔ ملموس] را از طریق [مزیت خاص] به دست بیاورد»؛ اتصال آن به نیاز واقعی پرسونا، مستندسازی و انتشار یکدست در لندینگ، بیو، تبلیغ و مکالمهٔ فروش تا کل تیم یک پیام بدهند.,وضوح و فوری‌بودن درک ارزش پیشنهادی در نقاط تماس را می‌سنجد.,جمع ۵ سؤال (۰ تا ۱۵). ۰–۳ بحرانی: دلیل انتخاب برند وجود ندارد. ۴–۶ ضعیف: پیام کلی و شبیه رقبا. ۷–۹ متوسط: یکی دو دلیل مشخص ولی ناهماهنگ. ۱۰–۱۲ سالم: UVP روشن و قابل بیان. ۱۳–۱۵ پیشرفته: UVP مستند، متمایز و یکدست در کل قیف و تیم.,۰ بحرانی: پیام کلی و مبهم. ۱ ضعیف: نیاز به توضیح زیاد. ۲ متوسط: در بیشتر نقاط تماس قابل فهم. ۳ پیشرفته: پیام ساده و روشن در همهٔ نقاط تماس.,عارضهٔ تمایز و قیمت‌محوری. ضعف یعنی مخاطب تفاوت برند را نمی‌فهمد و تصمیم خرید به قیمت، تخفیف، رابطه یا فشار فروشنده وابسته می‌شود. نتیجه: اعتراض قیمت بالا، توضیح زیاد فروشنده، تمایز ضعیف، رفتن آسان مشتری به رقیب و کمپین‌های بدون قلاب.
اگر مشتری شما را با چند رقیب مقایسه کند، دلیل مشخصی دارید که چرا باید شما را انتخاب کند؟,2,UVP / ارزش پیشنهادی,2,نه، بیشتر روی کیفیت، قیمت یا تجربه کلی تأکید می‌کنیم.,چند دلیل داریم، اما خیلی شبیه حرف رقباست.,یک یا دو دلیل نسبتاً مشخص برای انتخاب ما وجود دارد.,دلیل انتخاب ما روشن، قابل دفاع، متناسب با مشتری مناسب و متفاوت از رقباست.,ساخت UVP با قالب «ما به [مخاطب] کمک می‌کنیم [نتیجهٔ ملموس] را از طریق [مزیت خاص] به دست بیاورد»؛ اتصال آن به نیاز واقعی پرسونا، مستندسازی و انتشار یکدست در لندینگ، بیو، تبلیغ و مکالمهٔ فروش تا کل تیم یک پیام بدهند.,وجود تمایز قابل دفاع نسبت به رقبا را می‌سنجد.,جمع ۵ سؤال (۰ تا ۱۵). ۰–۳ بحرانی: دلیل انتخاب برند وجود ندارد. ۴–۶ ضعیف: پیام کلی و شبیه رقبا. ۷–۹ متوسط: یکی دو دلیل مشخص ولی ناهماهنگ. ۱۰–۱۲ سالم: UVP روشن و قابل بیان. ۱۳–۱۵ پیشرفته: UVP مستند، متمایز و یکدست در کل قیف و تیم.,۰ بحرانی: تکیه بر کیفیت/قیمت/تجربهٔ کلی. ۱ ضعیف: دلایل شبیه رقبا. ۲ متوسط: یکی دو دلیل نسبتاً مشخص. ۳ پیشرفته: دلیل روشن، متمایز و متناسب با مشتری مناسب.,عارضهٔ تمایز و قیمت‌محوری. ضعف یعنی مخاطب تفاوت برند را نمی‌فهمد و تصمیم خرید به قیمت، تخفیف، رابطه یا فشار فروشنده وابسته می‌شود. نتیجه: اعتراض قیمت بالا، توضیح زیاد فروشنده، تمایز ضعیف، رفتن آسان مشتری به رقیب و کمپین‌های بدون قلاب.
اگر از شما بپرسند چرا باید از شما بخرم، جواب شما چقدر مشخص‌تر از «کیفیت خوب»، «قیمت مناسب» یا «خدمات عالی» است؟,2,UVP / ارزش پیشنهادی,3,جواب ما معمولاً همین جملات کلی است.,جواب کمی مشخص‌تر داریم، اما هنوز خیلی عمومی است.,جواب نسبتاً مشخصی داریم که به نیاز مشتری وصل است.,جواب ما دقیقاً نتیجه، تفاوت و دلیل انتخاب را روشن می‌کند.,ساخت UVP با قالب «ما به [مخاطب] کمک می‌کنیم [نتیجهٔ ملموس] را از طریق [مزیت خاص] به دست بیاورد»؛ اتصال آن به نیاز واقعی پرسونا، مستندسازی و انتشار یکدست در لندینگ، بیو، تبلیغ و مکالمهٔ فروش تا کل تیم یک پیام بدهند.,میزان عینی و مشخص‌بودن پیام ارزش در برابر جملات کلیشه‌ای را می‌سنجد.,جمع ۵ سؤال (۰ تا ۱۵). ۰–۳ بحرانی: دلیل انتخاب برند وجود ندارد. ۴–۶ ضعیف: پیام کلی و شبیه رقبا. ۷–۹ متوسط: یکی دو دلیل مشخص ولی ناهماهنگ. ۱۰–۱۲ سالم: UVP روشن و قابل بیان. ۱۳–۱۵ پیشرفته: UVP مستند، متمایز و یکدست در کل قیف و تیم.,۰ بحرانی: همان جملات کلی. ۱ ضعیف: کمی مشخص‌تر ولی عمومی. ۲ متوسط: نسبتاً مشخص و وصل به نیاز. ۳ پیشرفته: نتیجه، تفاوت و دلیل انتخاب کاملاً روشن.,عارضهٔ تمایز و قیمت‌محوری. ضعف یعنی مخاطب تفاوت برند را نمی‌فهمد و تصمیم خرید به قیمت، تخفیف، رابطه یا فشار فروشنده وابسته می‌شود. نتیجه: اعتراض قیمت بالا، توضیح زیاد فروشنده، تمایز ضعیف، رفتن آسان مشتری به رقیب و کمپین‌های بدون قلاب.
قبل از خرید، مشتری می‌فهمد بعد از خرید از شما دقیقاً چه چیزی در وضعیتش بهتر می‌شود؟,2,UVP / ارزش پیشنهادی,4,نه، بیشتر درباره محصول یا خدمت توضیح می‌دهیم نه نتیجه.,تا حدی نتیجه را می‌گوییم، اما واضح و ملموس نیست.,در بیشتر موارد نتیجه خرید را برای مشتری توضیح می‌دهیم.,مشتری دقیقاً می‌فهمد چه نتیجه‌ای می‌گیرد و چرا این نتیجه برایش مهم است.,ساخت UVP با قالب «ما به [مخاطب] کمک می‌کنیم [نتیجهٔ ملموس] را از طریق [مزیت خاص] به دست بیاورد»؛ اتصال آن به نیاز واقعی پرسونا، مستندسازی و انتشار یکدست در لندینگ، بیو، تبلیغ و مکالمهٔ فروش تا کل تیم یک پیام بدهند.,تمرکز پیام بر نتیجه و فایده (به‌جای ویژگی محصول) را می‌سنجد.,جمع ۵ سؤال (۰ تا ۱۵). ۰–۳ بحرانی: دلیل انتخاب برند وجود ندارد. ۴–۶ ضعیف: پیام کلی و شبیه رقبا. ۷–۹ متوسط: یکی دو دلیل مشخص ولی ناهماهنگ. ۱۰–۱۲ سالم: UVP روشن و قابل بیان. ۱۳–۱۵ پیشرفته: UVP مستند، متمایز و یکدست در کل قیف و تیم.,۰ بحرانی: تمرکز بر محصول نه نتیجه. ۱ ضعیف: نتیجه مبهم. ۲ متوسط: در بیشتر موارد نتیجه گفته می‌شود. ۳ پیشرفته: نتیجه و اهمیتش برای مشتری کاملاً روشن است.,عارضهٔ تمایز و قیمت‌محوری. ضعف یعنی مخاطب تفاوت برند را نمی‌فهمد و تصمیم خرید به قیمت، تخفیف، رابطه یا فشار فروشنده وابسته می‌شود. نتیجه: اعتراض قیمت بالا، توضیح زیاد فروشنده، تمایز ضعیف، رفتن آسان مشتری به رقیب و کمپین‌های بدون قلاب.
اگر مشتری همین سؤال را از شما، فروشنده، ادمین یا یکی از اعضای تیم بپرسد که «چرا باید از شما بخرم؟»، همه تقریباً یک جواب روشن و مشابه می‌دهند؟,2,UVP / ارزش پیشنهادی,5,نه، هرکس جواب خودش را می‌دهد.,جواب‌ها شبیه‌اند، اما هنوز هماهنگ و مستند نیستند.,بیشتر اعضای تیم پیام اصلی را تقریباً درست منتقل می‌کنند.,پیام ارزش پیشنهادی مستند است و همه تیم آن را یکدست منتقل می‌کنند.,ساخت UVP با قالب «ما به [مخاطب] کمک می‌کنیم [نتیجهٔ ملموس] را از طریق [مزیت خاص] به دست بیاورد»؛ اتصال آن به نیاز واقعی پرسونا، مستندسازی و انتشار یکدست در لندینگ، بیو، تبلیغ و مکالمهٔ فروش تا کل تیم یک پیام بدهند.,یکدستی و مستندبودن پیام ارزش در کل تیم را می‌سنجد.,جمع ۵ سؤال (۰ تا ۱۵). ۰–۳ بحرانی: دلیل انتخاب برند وجود ندارد. ۴–۶ ضعیف: پیام کلی و شبیه رقبا. ۷–۹ متوسط: یکی دو دلیل مشخص ولی ناهماهنگ. ۱۰–۱۲ سالم: UVP روشن و قابل بیان. ۱۳–۱۵ پیشرفته: UVP مستند، متمایز و یکدست در کل قیف و تیم.,۰ بحرانی: هرکس جواب خودش را می‌دهد. ۱ ضعیف: شبیه ولی ناهماهنگ. ۲ متوسط: بیشتر تیم پیام را درست منتقل می‌کنند. ۳ پیشرفته: پیام مستند و یکدست در کل تیم.,عارضهٔ تمایز و قیمت‌محوری. ضعف یعنی مخاطب تفاوت برند را نمی‌فهمد و تصمیم خرید به قیمت، تخفیف، رابطه یا فشار فروشنده وابسته می‌شود. نتیجه: اعتراض قیمت بالا، توضیح زیاد فروشنده، تمایز ضعیف، رفتن آسان مشتری به رقیب و کمپین‌های بدون قلاب.
وقتی پیشنهاد خرید را به مشتری می‌دهید، دقیقاً می‌فهمد چه چیزی دریافت می‌کند؟,3,طراحی پیشنهاد، قیمت‌گذاری و بسته‌بندی خرید,1,نه، معمولاً مشتری درباره جزئیات زیاد سؤال می‌پرسد.,کلیات را می‌فهمد، اما بخش‌هایی از خروجی یا شرایط مبهم است.,بیشتر موارد پیشنهاد روشن است، ولی هنوز جای ساده‌سازی دارد.,پیشنهاد کاملاً روشن است و مشتری دقیقاً می‌داند چه می‌گیرد.,بازطراحی پیشنهاد به‌صورت روشن (مشتری دقیقاً بداند چه می‌گیرد)، توجیه قیمت با ارزش/نتیجه/مقایسه/کاهش ریسک، ساده‌سازی پکیج‌ها، افزودن مسیر شروع کم‌ریسک (نمونه/دمو/ضمانت) و ساخت فوریت منطقی به‌جای فشار.,شفافیت محتوای پیشنهاد (خروجی و شرایط) را می‌سنجد.,جمع ۵ سؤال (۰ تا ۱۵). ۰–۳ بحرانی: پیشنهاد مبهم و قیمت بی‌پشتوانه. ۴–۶ ضعیف: اتکا به تخفیف و فشار. ۷–۹ متوسط: پیشنهاد نسبتاً روشن. ۱۰–۱۲ سالم: پیشنهاد و قیمت قابل دفاع. ۱۳–۱۵ پیشرفته: پیشنهاد، قیمت‌گذاری، کاهش ریسک و فوریت طراحی‌شده و منسجم.,۰ بحرانی: مشتری زیاد سؤال می‌کند. ۱ ضعیف: کلیات روشن، جزئیات مبهم. ۲ متوسط: بیشتر روشن، جای ساده‌سازی دارد. ۳ پیشرفته: پیشنهاد کاملاً روشن است.,عارضهٔ پیشنهاد و قیمت. ضعف یعنی پیشنهاد مبهم، قیمت بدون پشتوانهٔ ارزش، گزینه‌های گیج‌کننده، نبود مسیر کم‌ریسک و نبود فوریت منطقی. نتیجه: اعتراض قیمت، تعویق تصمیم، اتکا به تخفیف و ریزش نزدیک خرید.
قیمت شما برای مشتری چقدر با ارزش و نتیجه‌ای که دریافت می‌کند قابل توجیه است؟,3,طراحی پیشنهاد، قیمت‌گذاری و بسته‌بندی خرید,2,معمولاً قیمت برای مشتری زیاد به نظر می‌رسد و سریع اعتراض می‌کند.,گاهی ارزش را توضیح می‌دهیم، اما بیشتر دفاع از قیمت می‌کنیم.,معمولاً قیمت را کنار نتیجه و ارزش توضیح می‌دهیم.,قیمت‌گذاری با ارزش ادراک‌شده، نتیجه، مقایسه و کاهش ریسک پشتیبانی می‌شود.,بازطراحی پیشنهاد به‌صورت روشن (مشتری دقیقاً بداند چه می‌گیرد)، توجیه قیمت با ارزش/نتیجه/مقایسه/کاهش ریسک، ساده‌سازی پکیج‌ها، افزودن مسیر شروع کم‌ریسک (نمونه/دمو/ضمانت) و ساخت فوریت منطقی به‌جای فشار.,اتصال قیمت به ارزش ادراک‌شده و نتیجه را می‌سنجد.,جمع ۵ سؤال (۰ تا ۱۵). ۰–۳ بحرانی: پیشنهاد مبهم و قیمت بی‌پشتوانه. ۴–۶ ضعیف: اتکا به تخفیف و فشار. ۷–۹ متوسط: پیشنهاد نسبتاً روشن. ۱۰–۱۲ سالم: پیشنهاد و قیمت قابل دفاع. ۱۳–۱۵ پیشرفته: پیشنهاد، قیمت‌گذاری، کاهش ریسک و فوریت طراحی‌شده و منسجم.,۰ بحرانی: قیمت زیاد به نظر می‌رسد و اعتراض سریع. ۱ ضعیف: بیشتر دفاع از قیمت. ۲ متوسط: معمولاً قیمت کنار ارزش توضیح داده می‌شود. ۳ پیشرفته: قیمت با ارزش، مقایسه و کاهش ریسک پشتیبانی می‌شود.,عارضهٔ پیشنهاد و قیمت. ضعف یعنی پیشنهاد مبهم، قیمت بدون پشتوانهٔ ارزش، گزینه‌های گیج‌کننده، نبود مسیر کم‌ریسک و نبود فوریت منطقی. نتیجه: اعتراض قیمت، تعویق تصمیم، اتکا به تخفیف و ریزش نزدیک خرید.
گزینه‌ها، پکیج‌ها یا پلن‌های خرید شما چقدر ساده و قابل انتخاب‌اند؟,3,طراحی پیشنهاد، قیمت‌گذاری و بسته‌بندی خرید,3,مشتری گیج می‌شود یا تفاوت گزینه‌ها را نمی‌فهمد.,چند گزینه داریم، اما تفاوت‌ها همیشه واضح نیست.,گزینه‌ها نسبتاً قابل فهم‌اند، اما هنوز می‌توانند بهتر بسته‌بندی شوند.,گزینه‌ها کم، روشن، مقایسه‌پذیر و متناسب با نیازهای مختلف مشتری‌اند.,بازطراحی پیشنهاد به‌صورت روشن (مشتری دقیقاً بداند چه می‌گیرد)، توجیه قیمت با ارزش/نتیجه/مقایسه/کاهش ریسک، ساده‌سازی پکیج‌ها، افزودن مسیر شروع کم‌ریسک (نمونه/دمو/ضمانت) و ساخت فوریت منطقی به‌جای فشار.,قابل‌انتخاب‌بودن و سادگی گزینه‌های خرید را می‌سنجد.,جمع ۵ سؤال (۰ تا ۱۵). ۰–۳ بحرانی: پیشنهاد مبهم و قیمت بی‌پشتوانه. ۴–۶ ضعیف: اتکا به تخفیف و فشار. ۷–۹ متوسط: پیشنهاد نسبتاً روشن. ۱۰–۱۲ سالم: پیشنهاد و قیمت قابل دفاع. ۱۳–۱۵ پیشرفته: پیشنهاد، قیمت‌گذاری، کاهش ریسک و فوریت طراحی‌شده و منسجم.,۰ بحرانی: مشتری گیج می‌شود. ۱ ضعیف: تفاوت‌ها همیشه واضح نیست. ۲ متوسط: نسبتاً قابل فهم. ۳ پیشرفته: گزینه‌ها کم، روشن و مقایسه‌پذیر.,عارضهٔ پیشنهاد و قیمت. ضعف یعنی پیشنهاد مبهم، قیمت بدون پشتوانهٔ ارزش، گزینه‌های گیج‌کننده، نبود مسیر کم‌ریسک و نبود فوریت منطقی. نتیجه: اعتراض قیمت، تعویق تصمیم، اتکا به تخفیف و ریزش نزدیک خرید.
آیا برای مشتری راهی وجود دارد که با ریسک کمتر خرید را شروع کند؟,3,طراحی پیشنهاد، قیمت‌گذاری و بسته‌بندی خرید,4,نه، مشتری باید مستقیم تصمیم کامل بگیرد.,گاهی تخفیف می‌دهیم، اما روش مشخصی برای کاهش ریسک نداریم.,بعضی پیشنهادها، نمونه‌ها یا ضمانت‌ها برای کاهش ریسک داریم.,مسیر شروع کم‌ریسک، ضمانت، نمونه، دمو یا گزینه آزمایشی مشخص و قابل ارائه داریم.,بازطراحی پیشنهاد به‌صورت روشن (مشتری دقیقاً بداند چه می‌گیرد)، توجیه قیمت با ارزش/نتیجه/مقایسه/کاهش ریسک، ساده‌سازی پکیج‌ها، افزودن مسیر شروع کم‌ریسک (نمونه/دمو/ضمانت) و ساخت فوریت منطقی به‌جای فشار.,وجود راه شروع کم‌ریسک برای کاهش ترس تصمیم را می‌سنجد.,جمع ۵ سؤال (۰ تا ۱۵). ۰–۳ بحرانی: پیشنهاد مبهم و قیمت بی‌پشتوانه. ۴–۶ ضعیف: اتکا به تخفیف و فشار. ۷–۹ متوسط: پیشنهاد نسبتاً روشن. ۱۰–۱۲ سالم: پیشنهاد و قیمت قابل دفاع. ۱۳–۱۵ پیشرفته: پیشنهاد، قیمت‌گذاری، کاهش ریسک و فوریت طراحی‌شده و منسجم.,۰ بحرانی: تصمیم کامل و مستقیم لازم است. ۱ ضعیف: فقط تخفیف، بدون روش مشخص. ۲ متوسط: بعضی نمونه/ضمانت‌ها هست. ۳ پیشرفته: مسیر کم‌ریسک، ضمانت یا دمو مشخص و قابل ارائه.,عارضهٔ پیشنهاد و قیمت. ضعف یعنی پیشنهاد مبهم، قیمت بدون پشتوانهٔ ارزش، گزینه‌های گیج‌کننده، نبود مسیر کم‌ریسک و نبود فوریت منطقی. نتیجه: اعتراض قیمت، تعویق تصمیم، اتکا به تخفیف و ریزش نزدیک خرید.
بعد از دیدن پیشنهاد، مشتری معمولاً می‌داند چرا باید همین حالا اقدام کند؟,3,طراحی پیشنهاد، قیمت‌گذاری و بسته‌بندی خرید,5,نه، تصمیم‌گیری معمولاً عقب می‌افتد.,گاهی فوریت ایجاد می‌کنیم، اما بیشتر با تخفیف یا فشار.,دلیل نسبتاً منطقی برای اقدام به‌موقع وجود دارد.,فوریت تصمیم‌گیری با پیامد تأخیر، ظرفیت، زمان‌بندی یا ارزش فرصت به‌خوبی توضیح داده می‌شود.,بازطراحی پیشنهاد به‌صورت روشن (مشتری دقیقاً بداند چه می‌گیرد)، توجیه قیمت با ارزش/نتیجه/مقایسه/کاهش ریسک، ساده‌سازی پکیج‌ها، افزودن مسیر شروع کم‌ریسک (نمونه/دمو/ضمانت) و ساخت فوریت منطقی به‌جای فشار.,وجود فوریت منطقی برای تصمیم به‌موقع را می‌سنجد.,جمع ۵ سؤال (۰ تا ۱۵). ۰–۳ بحرانی: پیشنهاد مبهم و قیمت بی‌پشتوانه. ۴–۶ ضعیف: اتکا به تخفیف و فشار. ۷–۹ متوسط: پیشنهاد نسبتاً روشن. ۱۰–۱۲ سالم: پیشنهاد و قیمت قابل دفاع. ۱۳–۱۵ پیشرفته: پیشنهاد، قیمت‌گذاری، کاهش ریسک و فوریت طراحی‌شده و منسجم.,۰ بحرانی: تصمیم عقب می‌افتد. ۱ ضعیف: فوریت با تخفیف/فشار. ۲ متوسط: دلیل نسبتاً منطقی برای اقدام. ۳ پیشرفته: فوریت با پیامد تأخیر/ظرفیت/ارزش فرصت توضیح داده می‌شود.,عارضهٔ پیشنهاد و قیمت. ضعف یعنی پیشنهاد مبهم، قیمت بدون پشتوانهٔ ارزش، گزینه‌های گیج‌کننده، نبود مسیر کم‌ریسک و نبود فوریت منطقی. نتیجه: اعتراض قیمت، تعویق تصمیم، اتکا به تخفیف و ریزش نزدیک خرید.
در یک ماه معمولی، آیا به اندازه کافی آدم جدید با کسب‌وکار شما آشنا می‌شود؟,4,تولید سرنخ,1,نه، ورودی جدید کم و اتفاقی است.,بعضی ماه‌ها ورودی داریم، اما قابل پیش‌بینی نیست.,معمولاً ورودی جدید داریم، ولی هنوز برای رشد کافی نیست.,جریان ورودی جدید منظم، قابل پیگیری و متناسب با هدف فروش است.,ساخت سیستم فعال و چندکاناله تولید سرنخ؛ طراحی محتوای جذب هدف‌دار که مخاطب را یک قدم به خرید نزدیک می‌کند، اتصال هر فعالیت به قدم بعدی، و مقایسهٔ کانال‌ها از نظر تعداد، کیفیت، هزینه و فروش نهایی.,کفایت و قابل‌پیش‌بینی‌بودن حجم ورودی جدید را می‌سنجد.,جمع ۵ سؤال (۰ تا ۱۵). ۰–۳ بحرانی: ورودی اتفاقی و کم. ۴–۶ ضعیف: ورودی غیرقابل پیش‌بینی. ۷–۹ متوسط: ورودی هست ولی ناکافی/نامنظم. ۱۰–۱۲ سالم: جریان ورودی منظم. ۱۳–۱۵ پیشرفته: سیستم فعال، چندکاناله و داده‌محور تولید سرنخ.,۰ بحرانی: ورودی کم و اتفاقی. ۱ ضعیف: ورودی غیرقابل پیش‌بینی. ۲ متوسط: ورودی هست ولی برای رشد کافی نیست. ۳ پیشرفته: ورودی منظم و متناسب با هدف فروش.,عارضهٔ ورودی قیف. ضعف یعنی ورودی کم یا نامرتبط، محتوای جذب بدون اتصال به مسیر فروش، نبود شناخت کانال مؤثر و اتکا به شانس/معرفی. نتیجه: قیف کم‌ترافیک یا پر از لید بی‌کیفیت، CAC بالا و نوسان فروش.
آدم‌هایی که از تبلیغ، محتوا، پیج، سایت یا معرفی با شما آشنا می‌شوند، معمولاً به مشتری مناسب شما نزدیک هستند؟,4,تولید سرنخ,2,نه، خیلی از ورودی‌ها نامناسب‌اند.,بعضی ورودی‌ها مناسب‌اند، اما کیفیت کلی نوسان دارد.,بیشتر ورودی‌ها تا حدی به مشتری مناسب نزدیک‌اند.,کانال‌ها طوری مدیریت می‌شوند که ورودی‌ها عمدتاً با مشتری مناسب هم‌خوان باشند.,ساخت سیستم فعال و چندکاناله تولید سرنخ؛ طراحی محتوای جذب هدف‌دار که مخاطب را یک قدم به خرید نزدیک می‌کند، اتصال هر فعالیت به قدم بعدی، و مقایسهٔ کانال‌ها از نظر تعداد، کیفیت، هزینه و فروش نهایی.,کیفیت و تناسب ورودی‌ها با مشتری مناسب را می‌سنجد.,جمع ۵ سؤال (۰ تا ۱۵). ۰–۳ بحرانی: ورودی اتفاقی و کم. ۴–۶ ضعیف: ورودی غیرقابل پیش‌بینی. ۷–۹ متوسط: ورودی هست ولی ناکافی/نامنظم. ۱۰–۱۲ سالم: جریان ورودی منظم. ۱۳–۱۵ پیشرفته: سیستم فعال، چندکاناله و داده‌محور تولید سرنخ.,۰ بحرانی: بیشتر ورودی‌ها نامناسب. ۱ ضعیف: کیفیت نوسانی. ۲ متوسط: بیشتر ورودی‌ها تا حدی مناسب. ۳ پیشرفته: کانال‌ها برای جذب مشتری مناسب مدیریت می‌شوند.,عارضهٔ ورودی قیف. ضعف یعنی ورودی کم یا نامرتبط، محتوای جذب بدون اتصال به مسیر فروش، نبود شناخت کانال مؤثر و اتکا به شانس/معرفی. نتیجه: قیف کم‌ترافیک یا پر از لید بی‌کیفیت، CAC بالا و نوسان فروش.
وقتی محتوا، استوری، تبلیغ یا پست منتشر می‌کنید، نتیجه‌اش فقط دیده‌شدن است یا آدم‌ها را یک قدم به خرید نزدیک‌تر می‌کند؟,4,تولید سرنخ,3,بیشتر فقط دیده می‌شویم و به مسیر فروش وصل نیست.,بعضی محتواها باعث پیام یا تعامل می‌شوند، اما مسیر مشخص نیست.,بیشتر فعالیت‌ها یک قدم بعدی برای مخاطب دارند.,هر فعالیت جذب، هدف، مخاطب، پیام و قدم بعدی مشخص دارد.,ساخت سیستم فعال و چندکاناله تولید سرنخ؛ طراحی محتوای جذب هدف‌دار که مخاطب را یک قدم به خرید نزدیک می‌کند، اتصال هر فعالیت به قدم بعدی، و مقایسهٔ کانال‌ها از نظر تعداد، کیفیت، هزینه و فروش نهایی.,اتصال فعالیت‌های جذب به مسیر فروش را می‌سنجد.,جمع ۵ سؤال (۰ تا ۱۵). ۰–۳ بحرانی: ورودی اتفاقی و کم. ۴–۶ ضعیف: ورودی غیرقابل پیش‌بینی. ۷–۹ متوسط: ورودی هست ولی ناکافی/نامنظم. ۱۰–۱۲ سالم: جریان ورودی منظم. ۱۳–۱۵ پیشرفته: سیستم فعال، چندکاناله و داده‌محور تولید سرنخ.,۰ بحرانی: فقط دیده‌شدن، بدون اتصال. ۱ ضعیف: تعامل هست ولی مسیر نامشخص. ۲ متوسط: بیشتر فعالیت‌ها قدم بعدی دارند. ۳ پیشرفته: هر فعالیت هدف، مخاطب، پیام و قدم بعدی دارد.,عارضهٔ ورودی قیف. ضعف یعنی ورودی کم یا نامرتبط، محتوای جذب بدون اتصال به مسیر فروش، نبود شناخت کانال مؤثر و اتکا به شانس/معرفی. نتیجه: قیف کم‌ترافیک یا پر از لید بی‌کیفیت، CAC بالا و نوسان فروش.
آیا می‌دانید از بین روش‌های مختلف جذب مشتری، کدام روش برای شما بهتر و قابل‌تکرارتر است؟,4,تولید سرنخ,4,نه، دقیق نمی‌دانیم کدام روش واقعاً مشتری می‌آورد.,چند حدس داریم، اما داده مشخص نداریم.,تا حدی می‌دانیم کدام کانال بهتر است.,کانال‌ها را از نظر تعداد، کیفیت، هزینه و فروش نهایی مقایسه می‌کنیم.,ساخت سیستم فعال و چندکاناله تولید سرنخ؛ طراحی محتوای جذب هدف‌دار که مخاطب را یک قدم به خرید نزدیک می‌کند، اتصال هر فعالیت به قدم بعدی، و مقایسهٔ کانال‌ها از نظر تعداد، کیفیت، هزینه و فروش نهایی.,شناخت کانال مؤثر و قابل‌تکرار جذب را می‌سنجد.,جمع ۵ سؤال (۰ تا ۱۵). ۰–۳ بحرانی: ورودی اتفاقی و کم. ۴–۶ ضعیف: ورودی غیرقابل پیش‌بینی. ۷–۹ متوسط: ورودی هست ولی ناکافی/نامنظم. ۱۰–۱۲ سالم: جریان ورودی منظم. ۱۳–۱۵ پیشرفته: سیستم فعال، چندکاناله و داده‌محور تولید سرنخ.,۰ بحرانی: کانال مؤثر مشخص نیست. ۱ ضعیف: حدس بدون داده. ۲ متوسط: شناخت نسبی. ۳ پیشرفته: مقایسهٔ کانال‌ها بر اساس تعداد، کیفیت، هزینه و فروش.,عارضهٔ ورودی قیف. ضعف یعنی ورودی کم یا نامرتبط، محتوای جذب بدون اتصال به مسیر فروش، نبود شناخت کانال مؤثر و اتکا به شانس/معرفی. نتیجه: قیف کم‌ترافیک یا پر از لید بی‌کیفیت، CAC بالا و نوسان فروش.
آیا برای جذب مشتری فقط منتظر معرفی یا اتفاقات بیرونی هستید یا سیستم فعال تولید سرنخ دارید؟,4,تولید سرنخ,5,بیشتر منتظر معرفی، شانس یا مراجعه اتفاقی هستیم.,گاهی کمپین یا محتوا اجرا می‌کنیم، اما پیوسته نیست.,چند فعالیت جذب منظم داریم.,سیستم فعال و چندکاناله برای تولید سرنخ مناسب داریم.,ساخت سیستم فعال و چندکاناله تولید سرنخ؛ طراحی محتوای جذب هدف‌دار که مخاطب را یک قدم به خرید نزدیک می‌کند، اتصال هر فعالیت به قدم بعدی، و مقایسهٔ کانال‌ها از نظر تعداد، کیفیت، هزینه و فروش نهایی.,فعال‌بودن سیستم تولید سرنخ در برابر اتکا به شانس را می‌سنجد.,جمع ۵ سؤال (۰ تا ۱۵). ۰–۳ بحرانی: ورودی اتفاقی و کم. ۴–۶ ضعیف: ورودی غیرقابل پیش‌بینی. ۷–۹ متوسط: ورودی هست ولی ناکافی/نامنظم. ۱۰–۱۲ سالم: جریان ورودی منظم. ۱۳–۱۵ پیشرفته: سیستم فعال، چندکاناله و داده‌محور تولید سرنخ.,۰ بحرانی: انتظار معرفی/شانس. ۱ ضعیف: کمپین‌های پراکنده. ۲ متوسط: چند فعالیت منظم. ۳ پیشرفته: سیستم فعال و چندکاناله.,عارضهٔ ورودی قیف. ضعف یعنی ورودی کم یا نامرتبط، محتوای جذب بدون اتصال به مسیر فروش، نبود شناخت کانال مؤثر و اتکا به شانس/معرفی. نتیجه: قیف کم‌ترافیک یا پر از لید بی‌کیفیت، CAC بالا و نوسان فروش.
وقتی کسی امروز آماده خرید نیست، آیا راهی دارید که در ارتباط با شما بماند؟,5,پرورش سرنخ‌ها,1,نه، اگر نخرد معمولاً رها می‌شود.,گاهی بعداً پیگیری می‌کنیم، اما منظم نیست.,بعضی سرنخ‌ها با محتوا یا پیام پیگیری می‌شوند.,مسیر مشخصی برای نگه داشتن، آموزش و گرم‌کردن سرنخ‌های ناآماده داریم.,طراحی مسیر پرورش بر اساس مرحلهٔ تصمیم و نوع مشتری؛ ساخت محتوای مسئله‌محور (مشکل، پیامد، راه‌حل)، تفکیک سرنخ سرد/گرم/آماده، برنامهٔ منظم فعال‌سازی مجدد و شناخت طول چرخهٔ تصمیم برای کوتاه‌کردن آن.,وجود مسیر برای حفظ ارتباط با سرنخ ناآمادهٔ امروز را می‌سنجد.,جمع ۵ سؤال (۰ تا ۱۵). ۰–۳ بحرانی: سرنخ ناآماده رها می‌شود. ۴–۶ ضعیف: پیگیری نامنظم. ۷–۹ متوسط: محتوای پرورشی پایه هست. ۱۰–۱۲ سالم: مسیر پرورش مشخص. ۱۳–۱۵ پیشرفته: پرورش هدف‌دار بر اساس مرحله و نوع مشتری.,۰ بحرانی: سرنخ ناآماده رها می‌شود. ۱ ضعیف: پیگیری نامنظم. ۲ متوسط: بعضی سرنخ‌ها پیگیری می‌شوند. ۳ پیشرفته: مسیر مشخص برای نگه‌داشتن و گرم‌کردن.,عارضهٔ پرورش و اعتمادسازی میانی. ضعف یعنی سرنخ ناآماده رها می‌شود، محتوای پرورشی و آموزشی وجود ندارد، سرنخ سرد/گرم تفکیک نمی‌شود و سرنخ‌های قبلی فعال نمی‌شوند. نتیجه: فاصلهٔ زیاد دیده‌شدن تا خرید، لید سرد باقی‌مانده و هدررفت فرصت.
آیا محتوایی دارید که قبل از فروش مستقیم، مشکل، پیامد و راه‌حل را برای مشتری روشن‌تر کند؟,5,پرورش سرنخ‌ها,2,نه، بیشتر محتواها معرفی محصول یا فروش مستقیم‌اند.,چند محتوای آموزشی داریم، اما به مسیر فروش وصل نیستند.,محتوای اعتمادساز و آموزشی وجود دارد.,محتوای پرورشی بر اساس نگرانی، مرحله تصمیم و نوع مشتری طراحی شده است.,طراحی مسیر پرورش بر اساس مرحلهٔ تصمیم و نوع مشتری؛ ساخت محتوای مسئله‌محور (مشکل، پیامد، راه‌حل)، تفکیک سرنخ سرد/گرم/آماده، برنامهٔ منظم فعال‌سازی مجدد و شناخت طول چرخهٔ تصمیم برای کوتاه‌کردن آن.,وجود محتوای پرورشی پیش از فروش مستقیم را می‌سنجد.,جمع ۵ سؤال (۰ تا ۱۵). ۰–۳ بحرانی: سرنخ ناآماده رها می‌شود. ۴–۶ ضعیف: پیگیری نامنظم. ۷–۹ متوسط: محتوای پرورشی پایه هست. ۱۰–۱۲ سالم: مسیر پرورش مشخص. ۱۳–۱۵ پیشرفته: پرورش هدف‌دار بر اساس مرحله و نوع مشتری.,۰ بحرانی: بیشتر محتوا فروش مستقیم. ۱ ضعیف: محتوای آموزشی بدون اتصال به فروش. ۲ متوسط: محتوای اعتمادساز هست. ۳ پیشرفته: محتوای پرورشی بر اساس نگرانی و مرحلهٔ تصمیم.,عارضهٔ پرورش و اعتمادسازی میانی. ضعف یعنی سرنخ ناآماده رها می‌شود، محتوای پرورشی و آموزشی وجود ندارد، سرنخ سرد/گرم تفکیک نمی‌شود و سرنخ‌های قبلی فعال نمی‌شوند. نتیجه: فاصلهٔ زیاد دیده‌شدن تا خرید، لید سرد باقی‌مانده و هدررفت فرصت.
آیا سرنخ‌های سرد، گرم و آماده خرید را از هم جدا می‌کنید؟,5,پرورش سرنخ‌ها,3,نه، با همه تقریباً یکسان برخورد می‌کنیم.,به‌صورت ذهنی فرق می‌گذاریم، اما ثبت یا مسیر جدا نداریم.,تا حدی سرنخ‌ها را بر اساس آمادگی خرید تفکیک می‌کنیم.,برای هر سطح آمادگی، پیام، محتوا و پیگیری متفاوت داریم.,طراحی مسیر پرورش بر اساس مرحلهٔ تصمیم و نوع مشتری؛ ساخت محتوای مسئله‌محور (مشکل، پیامد، راه‌حل)، تفکیک سرنخ سرد/گرم/آماده، برنامهٔ منظم فعال‌سازی مجدد و شناخت طول چرخهٔ تصمیم برای کوتاه‌کردن آن.,تفکیک سرنخ بر اساس آمادگی خرید را می‌سنجد.,جمع ۵ سؤال (۰ تا ۱۵). ۰–۳ بحرانی: سرنخ ناآماده رها می‌شود. ۴–۶ ضعیف: پیگیری نامنظم. ۷–۹ متوسط: محتوای پرورشی پایه هست. ۱۰–۱۲ سالم: مسیر پرورش مشخص. ۱۳–۱۵ پیشرفته: پرورش هدف‌دار بر اساس مرحله و نوع مشتری.,۰ بحرانی: برخورد یکسان با همه. ۱ ضعیف: تفکیک ذهنی بدون ثبت. ۲ متوسط: تفکیک نسبی. ۳ پیشرفته: برای هر سطح پیام و پیگیری متفاوت.,عارضهٔ پرورش و اعتمادسازی میانی. ضعف یعنی سرنخ ناآماده رها می‌شود، محتوای پرورشی و آموزشی وجود ندارد، سرنخ سرد/گرم تفکیک نمی‌شود و سرنخ‌های قبلی فعال نمی‌شوند. نتیجه: فاصلهٔ زیاد دیده‌شدن تا خرید، لید سرد باقی‌مانده و هدررفت فرصت.
آیا سرنخ‌هایی که قبلاً علاقه نشان داده‌اند ولی نخریده‌اند، دوباره فعال می‌شوند؟,5,پرورش سرنخ‌ها,4,نه، معمولاً فراموش می‌شوند.,گاهی به بعضی‌ها پیام می‌دهیم.,بعضی کمپین‌ها یا پیگیری‌ها برای فعال‌سازی مجدد داریم.,برنامه منظم برای فعال‌سازی دوباره سرنخ‌های قبلی داریم.,طراحی مسیر پرورش بر اساس مرحلهٔ تصمیم و نوع مشتری؛ ساخت محتوای مسئله‌محور (مشکل، پیامد، راه‌حل)، تفکیک سرنخ سرد/گرم/آماده، برنامهٔ منظم فعال‌سازی مجدد و شناخت طول چرخهٔ تصمیم برای کوتاه‌کردن آن.,بازفعال‌سازی سرنخ‌های علاقه‌مند نخریده را می‌سنجد.,جمع ۵ سؤال (۰ تا ۱۵). ۰–۳ بحرانی: سرنخ ناآماده رها می‌شود. ۴–۶ ضعیف: پیگیری نامنظم. ۷–۹ متوسط: محتوای پرورشی پایه هست. ۱۰–۱۲ سالم: مسیر پرورش مشخص. ۱۳–۱۵ پیشرفته: پرورش هدف‌دار بر اساس مرحله و نوع مشتری.,۰ بحرانی: فراموش می‌شوند. ۱ ضعیف: پیام موردی. ۲ متوسط: کمپین‌های گاه‌به‌گاه. ۳ پیشرفته: برنامهٔ منظم فعال‌سازی مجدد.,عارضهٔ پرورش و اعتمادسازی میانی. ضعف یعنی سرنخ ناآماده رها می‌شود، محتوای پرورشی و آموزشی وجود ندارد، سرنخ سرد/گرم تفکیک نمی‌شود و سرنخ‌های قبلی فعال نمی‌شوند. نتیجه: فاصلهٔ زیاد دیده‌شدن تا خرید، لید سرد باقی‌مانده و هدررفت فرصت.
آیا می‌دانید سرنخ‌ها معمولاً چه مدت طول می‌کشد تا از آشنایی به خرید برسند؟,5,پرورش سرنخ‌ها,5,نه، اصلاً نمی‌دانیم.,یک حس کلی داریم.,حدوداً می‌دانیم چرخه تصمیم چقدر است.,چرخه تصمیم را ثبت می‌کنیم و برای کوتاه‌تر کردن آن برنامه داریم.,طراحی مسیر پرورش بر اساس مرحلهٔ تصمیم و نوع مشتری؛ ساخت محتوای مسئله‌محور (مشکل، پیامد، راه‌حل)، تفکیک سرنخ سرد/گرم/آماده، برنامهٔ منظم فعال‌سازی مجدد و شناخت طول چرخهٔ تصمیم برای کوتاه‌کردن آن.,شناخت و مدیریت طول چرخهٔ تصمیم خرید را می‌سنجد.,جمع ۵ سؤال (۰ تا ۱۵). ۰–۳ بحرانی: سرنخ ناآماده رها می‌شود. ۴–۶ ضعیف: پیگیری نامنظم. ۷–۹ متوسط: محتوای پرورشی پایه هست. ۱۰–۱۲ سالم: مسیر پرورش مشخص. ۱۳–۱۵ پیشرفته: پرورش هدف‌دار بر اساس مرحله و نوع مشتری.,۰ بحرانی: نامشخص. ۱ ضعیف: حس کلی. ۲ متوسط: شناخت تقریبی. ۳ پیشرفته: ثبت چرخه و برنامه برای کوتاه‌کردن آن.,عارضهٔ پرورش و اعتمادسازی میانی. ضعف یعنی سرنخ ناآماده رها می‌شود، محتوای پرورشی و آموزشی وجود ندارد، سرنخ سرد/گرم تفکیک نمی‌شود و سرنخ‌های قبلی فعال نمی‌شوند. نتیجه: فاصلهٔ زیاد دیده‌شدن تا خرید، لید سرد باقی‌مانده و هدررفت فرصت.
وقتی سرنخ جدید پیام می‌دهد، تماس می‌گیرد یا فرم پر می‌کند، معمولاً چقدر سریع پاسخ می‌گیرد؟,6,سرعت ارتباط اولیه و ثبت سرنخ,1,زمان پاسخ نامنظم است و ممکن است خیلی دیر شود.,معمولاً جواب می‌دهیم، اما استاندارد زمانی مشخص نداریم.,در بیشتر موارد سریع پاسخ می‌دهیم.,زمان پاسخ اولیه استاندارد، اندازه‌گیری‌شده و قابل پیگیری است.,تعیین استاندارد زمان پاسخ اولیه و اندازه‌گیری آن، ثبت همهٔ سرنخ‌ها در یک محل واحد (CRM/جدول) با منبع و وضعیت، تعیین مسئول و زمان پیگیری برای هر سرنخ، و تضمین اینکه هیچ سرنخی بدون اقدام بعدی رها نشود.,استانداردبودن و سرعت پاسخ اولیه به سرنخ را می‌سنجد.,جمع ۵ سؤال (۰ تا ۱۵). ۰–۳ بحرانی: سرنخ‌ها پراکنده و رهاشده. ۴–۶ ضعیف: ثبت و پاسخ ناقص. ۷–۹ متوسط: ثبت نسبی. ۱۰–۱۲ سالم: ثبت و مسئولیت مشخص. ۱۳–۱۵ پیشرفته: پاسخ استاندارد، ثبت کامل و پیگیری قابل ردیابی.,۰ بحرانی: زمان پاسخ نامنظم و گاهی خیلی دیر. ۱ ضعیف: پاسخ بدون استاندارد زمانی. ۲ متوسط: بیشتر موارد سریع. ۳ پیشرفته: زمان پاسخ استاندارد و اندازه‌گیری‌شده.,عارضهٔ عملیاتی پاسخ‌گویی و ثبت. ضعف یعنی پاسخ دیر و نامنظم، سرنخ‌های پراکنده و ثبت‌نشده، نبود مسئول مشخص و رهاشدن سرنخ بدون وضعیت. نتیجه: از دست رفتن لید گرم، گم‌شدن فرصت‌ها و بی‌کنترلی پیگیری.
آیا همه سرنخ‌ها در یک محل مشخص ثبت می‌شوند؟,6,سرعت ارتباط اولیه و ثبت سرنخ,2,نه، سرنخ‌ها در دایرکت، واتساپ، تماس یا حافظه افراد پراکنده‌اند.,بعضی سرنخ‌ها ثبت می‌شوند، اما کامل نیست.,بیشتر سرنخ‌ها در یک فایل، CRM یا جدول ثبت می‌شوند.,همه سرنخ‌ها با منبع، نیاز، وضعیت، مسئول و پیگیری بعدی ثبت می‌شوند.,تعیین استاندارد زمان پاسخ اولیه و اندازه‌گیری آن، ثبت همهٔ سرنخ‌ها در یک محل واحد (CRM/جدول) با منبع و وضعیت، تعیین مسئول و زمان پیگیری برای هر سرنخ، و تضمین اینکه هیچ سرنخی بدون اقدام بعدی رها نشود.,تمرکز ثبت سرنخ‌ها در یک محل واحد را می‌سنجد.,جمع ۵ سؤال (۰ تا ۱۵). ۰–۳ بحرانی: سرنخ‌ها پراکنده و رهاشده. ۴–۶ ضعیف: ثبت و پاسخ ناقص. ۷–۹ متوسط: ثبت نسبی. ۱۰–۱۲ سالم: ثبت و مسئولیت مشخص. ۱۳–۱۵ پیشرفته: پاسخ استاندارد، ثبت کامل و پیگیری قابل ردیابی.,۰ بحرانی: پراکنده در دایرکت/واتساپ/حافظه. ۱ ضعیف: ثبت ناقص. ۲ متوسط: بیشتر در یک محل. ۳ پیشرفته: همه با منبع، نیاز، وضعیت و مسئول ثبت می‌شوند.,عارضهٔ عملیاتی پاسخ‌گویی و ثبت. ضعف یعنی پاسخ دیر و نامنظم، سرنخ‌های پراکنده و ثبت‌نشده، نبود مسئول مشخص و رهاشدن سرنخ بدون وضعیت. نتیجه: از دست رفتن لید گرم، گم‌شدن فرصت‌ها و بی‌کنترلی پیگیری.
آیا مشخص است چه کسی مسئول پیگیری هر سرنخ است؟,6,سرعت ارتباط اولیه و ثبت سرنخ,3,نه، مسئولیت‌ها مبهم است.,معمولاً معلوم است، اما گاهی سرنخ بین افراد گم می‌شود.,برای بیشتر سرنخ‌ها مسئول مشخص است.,مسئول، زمان پیگیری و وضعیت هر سرنخ کاملاً مشخص و قابل ردیابی است.,تعیین استاندارد زمان پاسخ اولیه و اندازه‌گیری آن، ثبت همهٔ سرنخ‌ها در یک محل واحد (CRM/جدول) با منبع و وضعیت، تعیین مسئول و زمان پیگیری برای هر سرنخ، و تضمین اینکه هیچ سرنخی بدون اقدام بعدی رها نشود.,روشن‌بودن مسئولیت پیگیری هر سرنخ را می‌سنجد.,جمع ۵ سؤال (۰ تا ۱۵). ۰–۳ بحرانی: سرنخ‌ها پراکنده و رهاشده. ۴–۶ ضعیف: ثبت و پاسخ ناقص. ۷–۹ متوسط: ثبت نسبی. ۱۰–۱۲ سالم: ثبت و مسئولیت مشخص. ۱۳–۱۵ پیشرفته: پاسخ استاندارد، ثبت کامل و پیگیری قابل ردیابی.,۰ بحرانی: مسئولیت مبهم. ۱ ضعیف: گاهی سرنخ گم می‌شود. ۲ متوسط: برای بیشتر سرنخ‌ها مسئول مشخص. ۳ پیشرفته: مسئول، زمان و وضعیت کاملاً مشخص و قابل ردیابی.,عارضهٔ عملیاتی پاسخ‌گویی و ثبت. ضعف یعنی پاسخ دیر و نامنظم، سرنخ‌های پراکنده و ثبت‌نشده، نبود مسئول مشخص و رهاشدن سرنخ بدون وضعیت. نتیجه: از دست رفتن لید گرم، گم‌شدن فرصت‌ها و بی‌کنترلی پیگیری.
آیا سرنخ‌ها بدون پیگیری یا تعیین وضعیت رها می‌شوند؟,6,سرعت ارتباط اولیه و ثبت سرنخ,4,بله، زیاد پیش می‌آید.,گاهی پیش می‌آید، مخصوصاً وقتی کار زیاد می‌شود.,کمتر پیش می‌آید، اما هنوز کنترل کامل نداریم.,هیچ سرنخی بدون وضعیت و اقدام بعدی رها نمی‌شود.,تعیین استاندارد زمان پاسخ اولیه و اندازه‌گیری آن، ثبت همهٔ سرنخ‌ها در یک محل واحد (CRM/جدول) با منبع و وضعیت، تعیین مسئول و زمان پیگیری برای هر سرنخ، و تضمین اینکه هیچ سرنخی بدون اقدام بعدی رها نشود.,میزان رهاشدن سرنخ بدون وضعیت/اقدام را می‌سنجد (سؤال معکوس).,جمع ۵ سؤال (۰ تا ۱۵). ۰–۳ بحرانی: سرنخ‌ها پراکنده و رهاشده. ۴–۶ ضعیف: ثبت و پاسخ ناقص. ۷–۹ متوسط: ثبت نسبی. ۱۰–۱۲ سالم: ثبت و مسئولیت مشخص. ۱۳–۱۵ پیشرفته: پاسخ استاندارد، ثبت کامل و پیگیری قابل ردیابی.,۰ بحرانی: زیاد رها می‌شوند. ۱ ضعیف: گاهی، مخصوصاً در شلوغی. ۲ متوسط: کمتر، ولی کنترل کامل نیست. ۳ پیشرفته: هیچ سرنخی بدون وضعیت و اقدام بعدی رها نمی‌شود.,عارضهٔ عملیاتی پاسخ‌گویی و ثبت. ضعف یعنی پاسخ دیر و نامنظم، سرنخ‌های پراکنده و ثبت‌نشده، نبود مسئول مشخص و رهاشدن سرنخ بدون وضعیت. نتیجه: از دست رفتن لید گرم، گم‌شدن فرصت‌ها و بی‌کنترلی پیگیری.
آیا می‌دانید تأخیر در پاسخ‌گویی چقدر روی از دست رفتن مشتری اثر می‌گذارد؟,6,سرعت ارتباط اولیه و ثبت سرنخ,5,نه، نمی‌دانیم.,حدس می‌زنیم اثر دارد، اما عدد نداریم.,تا حدی ارتباط سرعت پاسخ و فروش را بررسی کرده‌ایم.,سرعت پاسخ را اندازه می‌گیریم و اثرش روی تبدیل را تحلیل می‌کنیم.,تعیین استاندارد زمان پاسخ اولیه و اندازه‌گیری آن، ثبت همهٔ سرنخ‌ها در یک محل واحد (CRM/جدول) با منبع و وضعیت، تعیین مسئول و زمان پیگیری برای هر سرنخ، و تضمین اینکه هیچ سرنخی بدون اقدام بعدی رها نشود.,آگاهی از اثر سرعت پاسخ بر نرخ تبدیل را می‌سنجد.,جمع ۵ سؤال (۰ تا ۱۵). ۰–۳ بحرانی: سرنخ‌ها پراکنده و رهاشده. ۴–۶ ضعیف: ثبت و پاسخ ناقص. ۷–۹ متوسط: ثبت نسبی. ۱۰–۱۲ سالم: ثبت و مسئولیت مشخص. ۱۳–۱۵ پیشرفته: پاسخ استاندارد، ثبت کامل و پیگیری قابل ردیابی.,۰ بحرانی: نامشخص. ۱ ضعیف: حدس بدون عدد. ۲ متوسط: بررسی نسبی. ۳ پیشرفته: اندازه‌گیری سرعت پاسخ و تحلیل اثر آن بر تبدیل.,عارضهٔ عملیاتی پاسخ‌گویی و ثبت. ضعف یعنی پاسخ دیر و نامنظم، سرنخ‌های پراکنده و ثبت‌نشده، نبود مسئول مشخص و رهاشدن سرنخ بدون وضعیت. نتیجه: از دست رفتن لید گرم، گم‌شدن فرصت‌ها و بی‌کنترلی پیگیری.
آیا می‌دانید کدام سرنخ واقعاً مناسب کسب‌وکار شماست؟,7,صلاحیت‌سنجی و اولویت‌بندی سرنخ‌ها,1,نه، هرکسی پیام بدهد یا تماس بگیرد برایمان لید محسوب می‌شود.,به‌صورت ذهنی تشخیص می‌دهیم، اما معیار مشخص نداریم.,چند معیار برای تشخیص لید مناسب داریم.,معیارهای مشخص و مشترک برای تشخیص لید مناسب، نامناسب و بااولویت داریم.,تعریف معیارهای مشترک لید مناسب/نامناسب/بااولویت، استقرار فرایند صلاحیت‌سنجی (نیاز، بودجه، فوریت، اختیار، تناسب)، امتیازدهی و اولویت‌بندی لیدها و طراحی مسیر متفاوت برای لید سرد/گرم/آماده.,وجود معیار برای تشخیص لید مناسب کسب‌وکار را می‌سنجد.,جمع ۵ سؤال (۰ تا ۱۵). ۰–۳ بحرانی: همه لید یکسان. ۴–۶ ضعیف: تشخیص ذهنی بدون معیار. ۷–۹ متوسط: چند معیار پایه. ۱۰–۱۲ سالم: صلاحیت‌سنجی نسبتاً منظم. ۱۳–۱۵ پیشرفته: معیار مشترک، امتیازدهی و مسیر تفکیک‌شده.,۰ بحرانی: هرکس پیام بدهد لید است. ۱ ضعیف: تشخیص ذهنی بدون معیار. ۲ متوسط: چند معیار. ۳ پیشرفته: معیار مشخص و مشترک برای مناسب/نامناسب/بااولویت.,عارضهٔ هدررفت منابع فروش. ضعف یعنی همه به یک چشم دیده می‌شوند، نیاز/بودجه/فوریت/اختیار بررسی نمی‌شود، لید باارزش اولویت نمی‌گیرد و وقت فروشنده روی لید نامناسب تلف می‌شود. نتیجه: چرخهٔ فروش طولانی، خستگی تیم و از دست رفتن لید خوب.
آیا قبل از صرف وقت زیاد، نیاز، بودجه، فوریت و اختیار تصمیم مشتری را بررسی می‌کنید؟,7,صلاحیت‌سنجی و اولویت‌بندی سرنخ‌ها,2,نه، معمولاً سریع وارد توضیح و فروش می‌شویم.,گاهی چند سؤال می‌پرسیم، اما ساختار ندارد.,بیشتر وقت‌ها چند معیار اصلی را بررسی می‌کنیم.,فرایند مشخصی برای بررسی نیاز، بودجه، فوریت، اختیار و تناسب داریم.,تعریف معیارهای مشترک لید مناسب/نامناسب/بااولویت، استقرار فرایند صلاحیت‌سنجی (نیاز، بودجه، فوریت، اختیار، تناسب)، امتیازدهی و اولویت‌بندی لیدها و طراحی مسیر متفاوت برای لید سرد/گرم/آماده.,وجود فرایند صلاحیت‌سنجی پیش از صرف وقت زیاد را می‌سنجد.,جمع ۵ سؤال (۰ تا ۱۵). ۰–۳ بحرانی: همه لید یکسان. ۴–۶ ضعیف: تشخیص ذهنی بدون معیار. ۷–۹ متوسط: چند معیار پایه. ۱۰–۱۲ سالم: صلاحیت‌سنجی نسبتاً منظم. ۱۳–۱۵ پیشرفته: معیار مشترک، امتیازدهی و مسیر تفکیک‌شده.,۰ بحرانی: سریع وارد فروش می‌شویم. ۱ ضعیف: چند سؤال بدون ساختار. ۲ متوسط: بررسی چند معیار اصلی. ۳ پیشرفته: فرایند مشخص نیاز/بودجه/فوریت/اختیار/تناسب.,عارضهٔ هدررفت منابع فروش. ضعف یعنی همه به یک چشم دیده می‌شوند، نیاز/بودجه/فوریت/اختیار بررسی نمی‌شود، لید باارزش اولویت نمی‌گیرد و وقت فروشنده روی لید نامناسب تلف می‌شود. نتیجه: چرخهٔ فروش طولانی، خستگی تیم و از دست رفتن لید خوب.
آیا لیدهای باارزش‌تر سریع‌تر یا جدی‌تر پیگیری می‌شوند؟,7,صلاحیت‌سنجی و اولویت‌بندی سرنخ‌ها,3,نه، ترتیب پیگیری معمولاً اتفاقی یا بر اساس آخرین پیام است.,گاهی لیدهای مهم را تشخیص می‌دهیم، اما سیستم ندارد.,معمولاً لیدهای مهم‌تر اولویت می‌گیرند.,اولویت‌بندی لیدها ثبت‌شده و بر اساس امتیاز یا معیار مشخص انجام می‌شود.,تعریف معیارهای مشترک لید مناسب/نامناسب/بااولویت، استقرار فرایند صلاحیت‌سنجی (نیاز، بودجه، فوریت، اختیار، تناسب)، امتیازدهی و اولویت‌بندی لیدها و طراحی مسیر متفاوت برای لید سرد/گرم/آماده.,اولویت‌بندی پیگیری بر اساس ارزش لید را می‌سنجد.,جمع ۵ سؤال (۰ تا ۱۵). ۰–۳ بحرانی: همه لید یکسان. ۴–۶ ضعیف: تشخیص ذهنی بدون معیار. ۷–۹ متوسط: چند معیار پایه. ۱۰–۱۲ سالم: صلاحیت‌سنجی نسبتاً منظم. ۱۳–۱۵ پیشرفته: معیار مشترک، امتیازدهی و مسیر تفکیک‌شده.,۰ بحرانی: ترتیب اتفاقی. ۱ ضعیف: تشخیص بدون سیستم. ۲ متوسط: معمولاً لید مهم‌تر اولویت دارد. ۳ پیشرفته: اولویت‌بندی ثبت‌شده و بر اساس امتیاز/معیار.,عارضهٔ هدررفت منابع فروش. ضعف یعنی همه به یک چشم دیده می‌شوند، نیاز/بودجه/فوریت/اختیار بررسی نمی‌شود، لید باارزش اولویت نمی‌گیرد و وقت فروشنده روی لید نامناسب تلف می‌شود. نتیجه: چرخهٔ فروش طولانی، خستگی تیم و از دست رفتن لید خوب.
آیا وقت فروشنده روی آدم‌های نامناسب زیاد مصرف می‌شود؟,7,صلاحیت‌سنجی و اولویت‌بندی سرنخ‌ها,4,بله، زیاد.,گاهی این اتفاق می‌افتد.,تا حدی کنترل می‌کنیم که وقت روی لیدهای مناسب‌تر صرف شود.,با صلاحیت‌سنجی، مسیر جدا و پاسخ آماده، اتلاف وقت روی لیدهای نامناسب کم شده است.,تعریف معیارهای مشترک لید مناسب/نامناسب/بااولویت، استقرار فرایند صلاحیت‌سنجی (نیاز، بودجه، فوریت، اختیار، تناسب)، امتیازدهی و اولویت‌بندی لیدها و طراحی مسیر متفاوت برای لید سرد/گرم/آماده.,میزان هدررفت وقت فروشنده روی لید نامناسب را می‌سنجد (سؤال معکوس).,جمع ۵ سؤال (۰ تا ۱۵). ۰–۳ بحرانی: همه لید یکسان. ۴–۶ ضعیف: تشخیص ذهنی بدون معیار. ۷–۹ متوسط: چند معیار پایه. ۱۰–۱۲ سالم: صلاحیت‌سنجی نسبتاً منظم. ۱۳–۱۵ پیشرفته: معیار مشترک، امتیازدهی و مسیر تفکیک‌شده.,۰ بحرانی: زیاد. ۱ ضعیف: گاهی. ۲ متوسط: تا حدی کنترل‌شده. ۳ پیشرفته: با صلاحیت‌سنجی و مسیر جدا، اتلاف وقت کم شده.,عارضهٔ هدررفت منابع فروش. ضعف یعنی همه به یک چشم دیده می‌شوند، نیاز/بودجه/فوریت/اختیار بررسی نمی‌شود، لید باارزش اولویت نمی‌گیرد و وقت فروشنده روی لید نامناسب تلف می‌شود. نتیجه: چرخهٔ فروش طولانی، خستگی تیم و از دست رفتن لید خوب.
آیا برای لیدهای سرد، گرم و آماده خرید مسیر متفاوتی دارید؟,7,صلاحیت‌سنجی و اولویت‌بندی سرنخ‌ها,5,نه، همه تقریباً یک مسیر دارند.,گاهی تفاوت قائل می‌شویم، اما مستند نیست.,برای برخی گروه‌ها مسیر متفاوت داریم.,برای هر سطح آمادگی، اقدام، پیام و زمان پیگیری مشخص داریم.,تعریف معیارهای مشترک لید مناسب/نامناسب/بااولویت، استقرار فرایند صلاحیت‌سنجی (نیاز، بودجه، فوریت، اختیار، تناسب)، امتیازدهی و اولویت‌بندی لیدها و طراحی مسیر متفاوت برای لید سرد/گرم/آماده.,وجود مسیر پیگیری متفاوت بر اساس سطح آمادگی را می‌سنجد.,جمع ۵ سؤال (۰ تا ۱۵). ۰–۳ بحرانی: همه لید یکسان. ۴–۶ ضعیف: تشخیص ذهنی بدون معیار. ۷–۹ متوسط: چند معیار پایه. ۱۰–۱۲ سالم: صلاحیت‌سنجی نسبتاً منظم. ۱۳–۱۵ پیشرفته: معیار مشترک، امتیازدهی و مسیر تفکیک‌شده.,۰ بحرانی: همه یک مسیر. ۱ ضعیف: تفاوت غیرمستند. ۲ متوسط: مسیر متفاوت برای برخی گروه‌ها. ۳ پیشرفته: برای هر سطح اقدام، پیام و زمان پیگیری مشخص.,عارضهٔ هدررفت منابع فروش. ضعف یعنی همه به یک چشم دیده می‌شوند، نیاز/بودجه/فوریت/اختیار بررسی نمی‌شود، لید باارزش اولویت نمی‌گیرد و وقت فروشنده روی لید نامناسب تلف می‌شود. نتیجه: چرخهٔ فروش طولانی، خستگی تیم و از دست رفتن لید خوب.
وقتی مشتری پیام می‌دهد یا تماس می‌گیرد، اولین پاسخ شما چقدر حس حرفه‌ای بودن و توجه ایجاد می‌کند؟,8,کیفیت ارتباط اولیه و اعتمادسازی,1,پاسخ‌ها کوتاه، دیر یا صرفاً اطلاعاتی‌اند.,پاسخ‌ها محترمانه‌اند، اما اعتمادسازی خاصی انجام نمی‌شود.,بیشتر پاسخ‌ها هم محترمانه‌اند هم کمک‌کننده.,پاسخ اولیه سریع، انسانی، تشخیصی و اعتمادساز طراحی شده است.,طراحی پاسخ اولیهٔ سریع، انسانی و تشخیصی؛ ساخت چارچوب سؤال‌های اولیه برای فهم نیاز، بازتاب مسئلهٔ مشتری برای ایجاد حس فهمیده‌شدن، آماده‌کردن دارایی‌های اعتمادساز (نمونه/تجربه) و پایان هر مکالمه با قدم بعدی روشن.,کیفیت و حس اعتمادساز اولین پاسخ به مشتری را می‌سنجد.,جمع ۵ سؤال (۰ تا ۱۵). ۰–۳ بحرانی: پاسخ خشک و بی‌اعتمادساز. ۴–۶ ضعیف: محترمانه ولی بدون اعتمادسازی. ۷–۹ متوسط: کمک‌کننده ولی ناهماهنگ. ۱۰–۱۲ سالم: ارتباط اولیهٔ اعتمادساز. ۱۳–۱۵ پیشرفته: پاسخ اولیهٔ تشخیصی، انسانی و طراحی‌شده.,۰ بحرانی: کوتاه، دیر یا صرفاً اطلاعاتی. ۱ ضعیف: محترمانه ولی بدون اعتمادسازی. ۲ متوسط: محترمانه و کمک‌کننده. ۳ پیشرفته: سریع، انسانی، تشخیصی و اعتمادساز.,عارضهٔ کیفیت تماس اولیه. ضعف یعنی پاسخ خشک و صرفاً اطلاعاتی، نپرسیدن سؤال درست، نبود حس فهمیده‌شدن، نبود نشانهٔ اعتماد و نامشخص‌بودن قدم بعدی. نتیجه: لید گرم سرد می‌شود و اعتماد باید از صفر ساخته شود.
آیا در اولین ارتباط فقط جواب می‌دهید یا سؤال درست هم می‌پرسید؟,8,کیفیت ارتباط اولیه و اعتمادسازی,2,بیشتر فقط قیمت، شرایط یا توضیح محصول را می‌گوییم.,گاهی سؤال می‌پرسیم، اما بستگی به فرد دارد.,معمولاً چند سؤال ساده برای فهم نیاز می‌پرسیم.,چارچوب مشخصی برای پرسیدن سؤال‌های اولیه و فهم مسئله مشتری داریم.,طراحی پاسخ اولیهٔ سریع، انسانی و تشخیصی؛ ساخت چارچوب سؤال‌های اولیه برای فهم نیاز، بازتاب مسئلهٔ مشتری برای ایجاد حس فهمیده‌شدن، آماده‌کردن دارایی‌های اعتمادساز (نمونه/تجربه) و پایان هر مکالمه با قدم بعدی روشن.,میزان فعال‌بودن و سؤال‌محوربودن ارتباط اولیه را می‌سنجد.,جمع ۵ سؤال (۰ تا ۱۵). ۰–۳ بحرانی: پاسخ خشک و بی‌اعتمادساز. ۴–۶ ضعیف: محترمانه ولی بدون اعتمادسازی. ۷–۹ متوسط: کمک‌کننده ولی ناهماهنگ. ۱۰–۱۲ سالم: ارتباط اولیهٔ اعتمادساز. ۱۳–۱۵ پیشرفته: پاسخ اولیهٔ تشخیصی، انسانی و طراحی‌شده.,۰ بحرانی: فقط قیمت/توضیح محصول. ۱ ضعیف: سؤال وابسته به فرد. ۲ متوسط: چند سؤال ساده برای فهم نیاز. ۳ پیشرفته: چارچوب مشخص سؤال‌های اولیه.,عارضهٔ کیفیت تماس اولیه. ضعف یعنی پاسخ خشک و صرفاً اطلاعاتی، نپرسیدن سؤال درست، نبود حس فهمیده‌شدن، نبود نشانهٔ اعتماد و نامشخص‌بودن قدم بعدی. نتیجه: لید گرم سرد می‌شود و اعتماد باید از صفر ساخته شود.
آیا مشتری در همان ارتباط اول حس می‌کند مشکلش فهمیده شده؟,8,کیفیت ارتباط اولیه و اعتمادسازی,3,نه، معمولاً مکالمه عمومی و سطحی است.,گاهی این حس ایجاد می‌شود.,در بیشتر مکالمه‌ها تلاش می‌کنیم مسئله مشتری را بازتاب دهیم.,پاسخ‌ها طوری طراحی شده‌اند که مشتری حس فهمیده‌شدن و اعتماد بگیرد.,طراحی پاسخ اولیهٔ سریع، انسانی و تشخیصی؛ ساخت چارچوب سؤال‌های اولیه برای فهم نیاز، بازتاب مسئلهٔ مشتری برای ایجاد حس فهمیده‌شدن، آماده‌کردن دارایی‌های اعتمادساز (نمونه/تجربه) و پایان هر مکالمه با قدم بعدی روشن.,ایجاد حس درک‌شدن مشتری در همان تماس اول را می‌سنجد.,جمع ۵ سؤال (۰ تا ۱۵). ۰–۳ بحرانی: پاسخ خشک و بی‌اعتمادساز. ۴–۶ ضعیف: محترمانه ولی بدون اعتمادسازی. ۷–۹ متوسط: کمک‌کننده ولی ناهماهنگ. ۱۰–۱۲ سالم: ارتباط اولیهٔ اعتمادساز. ۱۳–۱۵ پیشرفته: پاسخ اولیهٔ تشخیصی، انسانی و طراحی‌شده.,۰ بحرانی: مکالمهٔ عمومی و سطحی. ۱ ضعیف: گاهی این حس ایجاد می‌شود. ۲ متوسط: تلاش برای بازتاب مسئله. ۳ پیشرفته: پاسخ‌ها برای ایجاد حس فهمیده‌شدن طراحی شده‌اند.,عارضهٔ کیفیت تماس اولیه. ضعف یعنی پاسخ خشک و صرفاً اطلاعاتی، نپرسیدن سؤال درست، نبود حس فهمیده‌شدن، نبود نشانهٔ اعتماد و نامشخص‌بودن قدم بعدی. نتیجه: لید گرم سرد می‌شود و اعتماد باید از صفر ساخته شود.
آیا در ارتباط اولیه از نشانه‌های اعتماد مثل نمونه، تجربه، توضیح کوتاه یا مسیر روشن استفاده می‌کنید؟,8,کیفیت ارتباط اولیه و اعتمادسازی,4,نه، معمولاً فقط جواب سؤال را می‌دهیم.,گاهی نمونه یا توضیح اضافه می‌دهیم.,در بیشتر مکالمه‌ها یک نشانه اعتمادساز وجود دارد.,برای ارتباط اولیه دارایی‌های اعتمادساز آماده و قابل استفاده داریم.,طراحی پاسخ اولیهٔ سریع، انسانی و تشخیصی؛ ساخت چارچوب سؤال‌های اولیه برای فهم نیاز، بازتاب مسئلهٔ مشتری برای ایجاد حس فهمیده‌شدن، آماده‌کردن دارایی‌های اعتمادساز (نمونه/تجربه) و پایان هر مکالمه با قدم بعدی روشن.,استفاده از نشانه‌های اعتماد (نمونه/تجربه/مسیر روشن) در ارتباط اولیه را می‌سنجد.,جمع ۵ سؤال (۰ تا ۱۵). ۰–۳ بحرانی: پاسخ خشک و بی‌اعتمادساز. ۴–۶ ضعیف: محترمانه ولی بدون اعتمادسازی. ۷–۹ متوسط: کمک‌کننده ولی ناهماهنگ. ۱۰–۱۲ سالم: ارتباط اولیهٔ اعتمادساز. ۱۳–۱۵ پیشرفته: پاسخ اولیهٔ تشخیصی، انسانی و طراحی‌شده.,۰ بحرانی: فقط جواب سؤال. ۱ ضعیف: گاهی نمونه/توضیح. ۲ متوسط: معمولاً یک نشانهٔ اعتمادساز. ۳ پیشرفته: دارایی‌های اعتمادساز آماده و قابل استفاده.,عارضهٔ کیفیت تماس اولیه. ضعف یعنی پاسخ خشک و صرفاً اطلاعاتی، نپرسیدن سؤال درست، نبود حس فهمیده‌شدن، نبود نشانهٔ اعتماد و نامشخص‌بودن قدم بعدی. نتیجه: لید گرم سرد می‌شود و اعتماد باید از صفر ساخته شود.
آیا بعد از پاسخ اولیه، قدم بعدی برای مشتری روشن است؟,8,کیفیت ارتباط اولیه و اعتمادسازی,5,نه، مکالمه معمولاً باز و نامشخص می‌ماند.,گاهی قدم بعدی گفته می‌شود.,در بیشتر موارد قدم بعدی مشخص است.,هر پاسخ اولیه با قدم بعدی روشن، ساده و متناسب با وضعیت مشتری تمام می‌شود.,طراحی پاسخ اولیهٔ سریع، انسانی و تشخیصی؛ ساخت چارچوب سؤال‌های اولیه برای فهم نیاز، بازتاب مسئلهٔ مشتری برای ایجاد حس فهمیده‌شدن، آماده‌کردن دارایی‌های اعتمادساز (نمونه/تجربه) و پایان هر مکالمه با قدم بعدی روشن.,روشن‌بودن قدم بعدی پس از پاسخ اولیه را می‌سنجد.,جمع ۵ سؤال (۰ تا ۱۵). ۰–۳ بحرانی: پاسخ خشک و بی‌اعتمادساز. ۴–۶ ضعیف: محترمانه ولی بدون اعتمادسازی. ۷–۹ متوسط: کمک‌کننده ولی ناهماهنگ. ۱۰–۱۲ سالم: ارتباط اولیهٔ اعتمادساز. ۱۳–۱۵ پیشرفته: پاسخ اولیهٔ تشخیصی، انسانی و طراحی‌شده.,۰ بحرانی: مکالمه باز و نامشخص. ۱ ضعیف: گاهی قدم بعدی گفته می‌شود. ۲ متوسط: در بیشتر موارد مشخص. ۳ پیشرفته: هر پاسخ با قدم بعدی روشن تمام می‌شود.,عارضهٔ کیفیت تماس اولیه. ضعف یعنی پاسخ خشک و صرفاً اطلاعاتی، نپرسیدن سؤال درست، نبود حس فهمیده‌شدن، نبود نشانهٔ اعتماد و نامشخص‌بودن قدم بعدی. نتیجه: لید گرم سرد می‌شود و اعتماد باید از صفر ساخته شود.
قبل از ارائه قیمت یا راه‌حل، آیا می‌پرسید مشتری دقیقاً چه مسئله‌ای دارد؟,9,کشف نیاز,1,نه، معمولاً سریع وارد قیمت یا معرفی محصول می‌شویم.,گاهی یک سؤال کلی می‌پرسیم.,معمولاً مسئله اصلی مشتری را می‌پرسیم.,قبل از ارائه، وضعیت، مسئله، هدف و معیار تصمیم مشتری را ساختارمند کشف می‌کنیم.,استقرار فرایند ساختارمند کشف نیاز پیش از ارائه (وضعیت، مسئله، هدف، معیار تصمیم)، تشخیص نیاز واقعی در برابر ظاهری، ثبت منظم یافته‌ها و اتصال پیشنهاد به شرایط همان مشتری.,اولویت کشف مسئله پیش از ارائهٔ قیمت/راه‌حل را می‌سنجد.,جمع ۵ سؤال (۰ تا ۱۵). ۰–۳ بحرانی: فروش بدون کشف. ۴–۶ ضعیف: سؤال کلی و موردی. ۷–۹ متوسط: کشف نسبی. ۱۰–۱۲ سالم: کشف نیاز نسبتاً ساختارمند. ۱۳–۱۵ پیشرفته: کشف عمیق، ثبت‌شده و متصل به پیشنهاد.,۰ بحرانی: ورود سریع به قیمت/معرفی. ۱ ضعیف: یک سؤال کلی. ۲ متوسط: معمولاً مسئلهٔ اصلی پرسیده می‌شود. ۳ پیشرفته: کشف ساختارمند وضعیت، مسئله، هدف و معیار.,عارضهٔ فروش بدون کشف. ضعف یعنی ورود سریع به قیمت/معرفی، عدم تشخیص نیاز واقعی پشت نیاز ظاهری، ثبت‌نشدن اطلاعات و پیشنهاد عمومی. نتیجه: پیشنهاد بی‌ربط، اعتراض بیشتر و حس گوش‌نداده‌شدن مشتری.
آیا تفاوت بین نیاز ظاهری و نیاز واقعی مشتری را تشخیص می‌دهید؟,9,کشف نیاز,2,نه، همان چیزی را که مشتری اول می‌گوید مبنا قرار می‌دهیم.,گاهی متوجه می‌شویم پشت درخواست اولیه مسئله دیگری هست.,در بیشتر موارد با چند سؤال نیاز واقعی را بهتر می‌فهمیم.,فرایند کشف نیاز کمک می‌کند نیاز واقعی، پیامد و اولویت مشتری مشخص شود.,استقرار فرایند ساختارمند کشف نیاز پیش از ارائه (وضعیت، مسئله، هدف، معیار تصمیم)، تشخیص نیاز واقعی در برابر ظاهری، ثبت منظم یافته‌ها و اتصال پیشنهاد به شرایط همان مشتری.,توانایی تشخیص نیاز واقعی پشت درخواست اولیه را می‌سنجد.,جمع ۵ سؤال (۰ تا ۱۵). ۰–۳ بحرانی: فروش بدون کشف. ۴–۶ ضعیف: سؤال کلی و موردی. ۷–۹ متوسط: کشف نسبی. ۱۰–۱۲ سالم: کشف نیاز نسبتاً ساختارمند. ۱۳–۱۵ پیشرفته: کشف عمیق، ثبت‌شده و متصل به پیشنهاد.,۰ بحرانی: همان حرف اول مبنا است. ۱ ضعیف: گاهی نیاز پنهان دیده می‌شود. ۲ متوسط: با چند سؤال نیاز واقعی بهتر فهمیده می‌شود. ۳ پیشرفته: فرایند کشف، نیاز واقعی و اولویت را روشن می‌کند.,عارضهٔ فروش بدون کشف. ضعف یعنی ورود سریع به قیمت/معرفی، عدم تشخیص نیاز واقعی پشت نیاز ظاهری، ثبت‌نشدن اطلاعات و پیشنهاد عمومی. نتیجه: پیشنهاد بی‌ربط، اعتراض بیشتر و حس گوش‌نداده‌شدن مشتری.
آیا اطلاعاتی که در مکالمه می‌فهمید جایی ثبت می‌شود؟,9,کشف نیاز,3,نه، بیشتر در ذهن فروشنده می‌ماند.,گاهی یادداشت می‌شود، اما کامل و منظم نیست.,اطلاعات اصلی مشتری در بیشتر موارد ثبت می‌شود.,نیاز، هدف، مانع، فوریت و معیار خرید مشتری به‌صورت منظم ثبت می‌شود.,استقرار فرایند ساختارمند کشف نیاز پیش از ارائه (وضعیت، مسئله، هدف، معیار تصمیم)، تشخیص نیاز واقعی در برابر ظاهری، ثبت منظم یافته‌ها و اتصال پیشنهاد به شرایط همان مشتری.,ثبت منظم یافته‌های مکالمه را می‌سنجد.,جمع ۵ سؤال (۰ تا ۱۵). ۰–۳ بحرانی: فروش بدون کشف. ۴–۶ ضعیف: سؤال کلی و موردی. ۷–۹ متوسط: کشف نسبی. ۱۰–۱۲ سالم: کشف نیاز نسبتاً ساختارمند. ۱۳–۱۵ پیشرفته: کشف عمیق، ثبت‌شده و متصل به پیشنهاد.,۰ بحرانی: در ذهن فروشنده می‌ماند. ۱ ضعیف: یادداشت ناقص. ۲ متوسط: اطلاعات اصلی ثبت می‌شود. ۳ پیشرفته: نیاز، هدف، مانع و معیار خرید منظم ثبت می‌شود.,عارضهٔ فروش بدون کشف. ضعف یعنی ورود سریع به قیمت/معرفی، عدم تشخیص نیاز واقعی پشت نیاز ظاهری، ثبت‌نشدن اطلاعات و پیشنهاد عمومی. نتیجه: پیشنهاد بی‌ربط، اعتراض بیشتر و حس گوش‌نداده‌شدن مشتری.
آیا بعد از مکالمه، پیشنهاد شما به شرایط همان مشتری وصل می‌شود؟,9,کشف نیاز,4,نه، بیشتر پیشنهادها عمومی و یکسان‌اند.,کمی شخصی‌سازی می‌کنیم، اما محدود.,معمولاً پیشنهاد را تا حدی به نیاز مشتری وصل می‌کنیم.,پیشنهاد بر اساس مسئله، هدف و معیار تصمیم همان مشتری ارائه می‌شود.,استقرار فرایند ساختارمند کشف نیاز پیش از ارائه (وضعیت، مسئله، هدف، معیار تصمیم)، تشخیص نیاز واقعی در برابر ظاهری، ثبت منظم یافته‌ها و اتصال پیشنهاد به شرایط همان مشتری.,شخصی‌سازی پیشنهاد بر اساس کشف نیاز را می‌سنجد.,جمع ۵ سؤال (۰ تا ۱۵). ۰–۳ بحرانی: فروش بدون کشف. ۴–۶ ضعیف: سؤال کلی و موردی. ۷–۹ متوسط: کشف نسبی. ۱۰–۱۲ سالم: کشف نیاز نسبتاً ساختارمند. ۱۳–۱۵ پیشرفته: کشف عمیق، ثبت‌شده و متصل به پیشنهاد.,۰ بحرانی: پیشنهاد عمومی و یکسان. ۱ ضعیف: شخصی‌سازی محدود. ۲ متوسط: تا حدی متصل به نیاز. ۳ پیشرفته: پیشنهاد بر اساس مسئله، هدف و معیار همان مشتری.,عارضهٔ فروش بدون کشف. ضعف یعنی ورود سریع به قیمت/معرفی، عدم تشخیص نیاز واقعی پشت نیاز ظاهری، ثبت‌نشدن اطلاعات و پیشنهاد عمومی. نتیجه: پیشنهاد بی‌ربط، اعتراض بیشتر و حس گوش‌نداده‌شدن مشتری.
آیا مشتری قبل از شنیدن پیشنهاد، حس می‌کند واقعاً فهمیده شده؟,9,کشف نیاز,5,نه، معمولاً سریع وارد فروش می‌شویم.,گاهی این حس ایجاد می‌شود.,در بیشتر مکالمه‌ها مشتری حس می‌کند به حرفش گوش داده شده.,کشف نیاز طوری انجام می‌شود که مشتری قبل از ارائه، اعتماد و آمادگی بیشتری پیدا کند.,استقرار فرایند ساختارمند کشف نیاز پیش از ارائه (وضعیت، مسئله، هدف، معیار تصمیم)، تشخیص نیاز واقعی در برابر ظاهری، ثبت منظم یافته‌ها و اتصال پیشنهاد به شرایط همان مشتری.,ایجاد اعتماد و آمادگی مشتری از طریق کشف نیاز را می‌سنجد.,جمع ۵ سؤال (۰ تا ۱۵). ۰–۳ بحرانی: فروش بدون کشف. ۴–۶ ضعیف: سؤال کلی و موردی. ۷–۹ متوسط: کشف نسبی. ۱۰–۱۲ سالم: کشف نیاز نسبتاً ساختارمند. ۱۳–۱۵ پیشرفته: کشف عمیق، ثبت‌شده و متصل به پیشنهاد.,۰ بحرانی: ورود سریع به فروش. ۱ ضعیف: گاهی این حس ایجاد می‌شود. ۲ متوسط: مشتری حس می‌کند شنیده شده. ۳ پیشرفته: کشف نیاز اعتماد و آمادگی را پیش از ارائه می‌سازد.,عارضهٔ فروش بدون کشف. ضعف یعنی ورود سریع به قیمت/معرفی، عدم تشخیص نیاز واقعی پشت نیاز ظاهری، ثبت‌نشدن اطلاعات و پیشنهاد عمومی. نتیجه: پیشنهاد بی‌ربط، اعتراض بیشتر و حس گوش‌نداده‌شدن مشتری.
وقتی راه‌حل را ارائه می‌کنید، از مسئله مشتری شروع می‌کنید یا از ویژگی‌های محصول؟,10,ارائه حرفه‌ای,1,بیشتر از محصول، امکانات یا قیمت شروع می‌کنیم.,گاهی به مسئله مشتری اشاره می‌کنیم.,معمولاً ارائه را به مسئله مشتری وصل می‌کنیم.,ارائه همیشه با خلاصه وضعیت و مسئله مشتری شروع می‌شود.,ساخت قالب ارائهٔ یکدست (مسئله، راه‌حل، نتیجه، شواهد، قیمت، قدم بعدی)، شروع از مسئلهٔ مشتری، شخصی‌سازی دلیل تناسب، آماده‌کردن بانک نمونه/کیس/رضایت و پایان ارائه با جمع‌بندی و اقدام بعدی روشن.,نقطهٔ شروع ارائه (مسئلهٔ مشتری در برابر ویژگی محصول) را می‌سنجد.,جمع ۵ سؤال (۰ تا ۱۵). ۰–۳ بحرانی: ارائهٔ محصول‌محور و مبهم. ۴–۶ ضعیف: ارائهٔ عمومی. ۷–۹ متوسط: ارائهٔ نسبتاً متصل به نیاز. ۱۰–۱۲ سالم: ارائهٔ روشن و شخصی‌سازی‌شده. ۱۳–۱۵ پیشرفته: قالب کامل، مستند و نتیجه‌محور.,۰ بحرانی: شروع از محصول/قیمت. ۱ ضعیف: گاهی اشاره به مسئله. ۲ متوسط: معمولاً متصل به مسئله. ۳ پیشرفته: همیشه با خلاصهٔ وضعیت و مسئلهٔ مشتری شروع می‌شود.,عارضهٔ ارائهٔ ضعیف. ضعف یعنی شروع از محصول به‌جای مسئله، ارائهٔ عمومی، مبهم‌بودن نتیجه/فرایند/قیمت/قدم بعدی و نبود مدرک. نتیجه: مشتری تناسب راه‌حل را نمی‌فهمد، سردرگم می‌ماند و تصمیم عقب می‌افتد.
آیا مشتری بعد از ارائه دقیقاً می‌فهمد این راه‌حل چرا برای او مناسب است؟,10,ارائه حرفه‌ای,2,نه، ارائه عمومی است.,تا حدی متوجه می‌شود، اما هنوز سؤال زیاد دارد.,در بیشتر موارد ارتباط پیشنهاد با نیاز مشتری روشن است.,ارائه کاملاً شخصی‌سازی شده و دلیل تناسب راه‌حل برای مشتری واضح است.,ساخت قالب ارائهٔ یکدست (مسئله، راه‌حل، نتیجه، شواهد، قیمت، قدم بعدی)، شروع از مسئلهٔ مشتری، شخصی‌سازی دلیل تناسب، آماده‌کردن بانک نمونه/کیس/رضایت و پایان ارائه با جمع‌بندی و اقدام بعدی روشن.,روشن‌بودن دلیل تناسب راه‌حل برای مشتری را می‌سنجد.,جمع ۵ سؤال (۰ تا ۱۵). ۰–۳ بحرانی: ارائهٔ محصول‌محور و مبهم. ۴–۶ ضعیف: ارائهٔ عمومی. ۷–۹ متوسط: ارائهٔ نسبتاً متصل به نیاز. ۱۰–۱۲ سالم: ارائهٔ روشن و شخصی‌سازی‌شده. ۱۳–۱۵ پیشرفته: قالب کامل، مستند و نتیجه‌محور.,۰ بحرانی: ارائهٔ عمومی. ۱ ضعیف: سؤال زیاد باقی می‌ماند. ۲ متوسط: ارتباط پیشنهاد با نیاز روشن است. ۳ پیشرفته: ارائهٔ شخصی‌سازی‌شده با دلیل تناسب واضح.,عارضهٔ ارائهٔ ضعیف. ضعف یعنی شروع از محصول به‌جای مسئله، ارائهٔ عمومی، مبهم‌بودن نتیجه/فرایند/قیمت/قدم بعدی و نبود مدرک. نتیجه: مشتری تناسب راه‌حل را نمی‌فهمد، سردرگم می‌ماند و تصمیم عقب می‌افتد.
آیا در ارائه، نتیجه مورد انتظار، فرایند، قیمت و قدم بعدی روشن توضیح داده می‌شود؟,10,ارائه حرفه‌ای,3,نه، بعضی بخش‌ها مبهم می‌ماند.,بعضی موارد توضیح داده می‌شود، اما ساختار ثابت ندارد.,بیشتر ارائه‌ها شامل نتیجه، فرایند، قیمت و قدم بعدی است.,قالب ارائه کامل و یکدست شامل مسئله، راه‌حل، نتیجه، شواهد، قیمت و قدم بعدی است.,ساخت قالب ارائهٔ یکدست (مسئله، راه‌حل، نتیجه، شواهد، قیمت، قدم بعدی)، شروع از مسئلهٔ مشتری، شخصی‌سازی دلیل تناسب، آماده‌کردن بانک نمونه/کیس/رضایت و پایان ارائه با جمع‌بندی و اقدام بعدی روشن.,کامل و ساختارمندبودن اجزای ارائه را می‌سنجد.,جمع ۵ سؤال (۰ تا ۱۵). ۰–۳ بحرانی: ارائهٔ محصول‌محور و مبهم. ۴–۶ ضعیف: ارائهٔ عمومی. ۷–۹ متوسط: ارائهٔ نسبتاً متصل به نیاز. ۱۰–۱۲ سالم: ارائهٔ روشن و شخصی‌سازی‌شده. ۱۳–۱۵ پیشرفته: قالب کامل، مستند و نتیجه‌محور.,۰ بحرانی: بخش‌ها مبهم. ۱ ضعیف: بدون ساختار ثابت. ۲ متوسط: بیشتر اجزا پوشش داده می‌شود. ۳ پیشرفته: قالب کامل مسئله/راه‌حل/نتیجه/شواهد/قیمت/قدم بعدی.,عارضهٔ ارائهٔ ضعیف. ضعف یعنی شروع از محصول به‌جای مسئله، ارائهٔ عمومی، مبهم‌بودن نتیجه/فرایند/قیمت/قدم بعدی و نبود مدرک. نتیجه: مشتری تناسب راه‌حل را نمی‌فهمد، سردرگم می‌ماند و تصمیم عقب می‌افتد.
آیا برای اثبات ارزش پیشنهاد، نمونه، تجربه مشتری یا مدرک قابل لمس دارید؟,10,ارائه حرفه‌ای,4,نه، بیشتر توضیح شفاهی می‌دهیم.,چند نمونه داریم، اما آماده و منظم نیست.,در بیشتر ارائه‌ها از نمونه یا مدرک استفاده می‌کنیم.,بانک نمونه، کیس، رضایت یا مدرک برای سناریوهای مختلف آماده است.,ساخت قالب ارائهٔ یکدست (مسئله، راه‌حل، نتیجه، شواهد، قیمت، قدم بعدی)، شروع از مسئلهٔ مشتری، شخصی‌سازی دلیل تناسب، آماده‌کردن بانک نمونه/کیس/رضایت و پایان ارائه با جمع‌بندی و اقدام بعدی روشن.,وجود شواهد قابل لمس برای اثبات ارزش را می‌سنجد.,جمع ۵ سؤال (۰ تا ۱۵). ۰–۳ بحرانی: ارائهٔ محصول‌محور و مبهم. ۴–۶ ضعیف: ارائهٔ عمومی. ۷–۹ متوسط: ارائهٔ نسبتاً متصل به نیاز. ۱۰–۱۲ سالم: ارائهٔ روشن و شخصی‌سازی‌شده. ۱۳–۱۵ پیشرفته: قالب کامل، مستند و نتیجه‌محور.,۰ بحرانی: فقط توضیح شفاهی. ۱ ضعیف: نمونه‌های نامنظم. ۲ متوسط: استفاده از نمونه در بیشتر ارائه‌ها. ۳ پیشرفته: بانک نمونه/کیس/رضایت برای سناریوهای مختلف.,عارضهٔ ارائهٔ ضعیف. ضعف یعنی شروع از محصول به‌جای مسئله، ارائهٔ عمومی، مبهم‌بودن نتیجه/فرایند/قیمت/قدم بعدی و نبود مدرک. نتیجه: مشتری تناسب راه‌حل را نمی‌فهمد، سردرگم می‌ماند و تصمیم عقب می‌افتد.
بعد از ارائه، مشتری معمولاً سردرگم می‌شود یا می‌داند باید چه تصمیمی بگیرد؟,10,ارائه حرفه‌ای,5,معمولاً هنوز ابهام دارد و تصمیم عقب می‌افتد.,گاهی قدم بعدی روشن است.,بیشتر مشتری‌ها بعد از ارائه قدم بعدی را می‌دانند.,ارائه با جمع‌بندی، پاسخ ابهام و اقدام بعدی کاملاً روشن تمام می‌شود.,ساخت قالب ارائهٔ یکدست (مسئله، راه‌حل، نتیجه، شواهد، قیمت، قدم بعدی)، شروع از مسئلهٔ مشتری، شخصی‌سازی دلیل تناسب، آماده‌کردن بانک نمونه/کیس/رضایت و پایان ارائه با جمع‌بندی و اقدام بعدی روشن.,روشن‌بودن تصمیم و قدم بعدی مشتری پس از ارائه را می‌سنجد.,جمع ۵ سؤال (۰ تا ۱۵). ۰–۳ بحرانی: ارائهٔ محصول‌محور و مبهم. ۴–۶ ضعیف: ارائهٔ عمومی. ۷–۹ متوسط: ارائهٔ نسبتاً متصل به نیاز. ۱۰–۱۲ سالم: ارائهٔ روشن و شخصی‌سازی‌شده. ۱۳–۱۵ پیشرفته: قالب کامل، مستند و نتیجه‌محور.,۰ بحرانی: ابهام و تعویق تصمیم. ۱ ضعیف: گاهی قدم بعدی روشن. ۲ متوسط: بیشتر مشتری‌ها قدم بعدی را می‌دانند. ۳ پیشرفته: ارائه با جمع‌بندی، رفع ابهام و اقدام بعدی روشن تمام می‌شود.,عارضهٔ ارائهٔ ضعیف. ضعف یعنی شروع از محصول به‌جای مسئله، ارائهٔ عمومی، مبهم‌بودن نتیجه/فرایند/قیمت/قدم بعدی و نبود مدرک. نتیجه: مشتری تناسب راه‌حل را نمی‌فهمد، سردرگم می‌ماند و تصمیم عقب می‌افتد.
قبل از خرید، معمولاً می‌دانید مشتری‌ها بیشتر چه سؤال‌هایی می‌پرسند یا روی چه چیزهایی گیر می‌کنند؟,11,برخورد با اعتراضات,1,نه، هر بار در لحظه با اعتراض‌ها روبه‌رو می‌شویم.,چند اعتراض رایج را می‌شناسیم، اما ثبت نکرده‌ایم.,اعتراض‌های پرتکرار را می‌شناسیم.,اعتراض‌های پرتکرار ثبت، دسته‌بندی و تحلیل شده‌اند.,ثبت و دسته‌بندی اعتراض‌های پرتکرار، آماده‌کردن پاسخ + مثال + مدرک برای هر اعتراض، فراهم‌کردن سوشال‌پروف و نمونه، مدیریت شفاف مقایسه با رقبا و طراحی کاهش ریسک (ضمانت/دمو/نمونه).,شناخت و ثبت اعتراض‌ها و نقاط گیر مشتری را می‌سنجد.,جمع ۵ سؤال (۰ تا ۱۵). ۰–۳ بحرانی: اعتراض‌ها بداهه مدیریت می‌شوند. ۴–۶ ضعیف: پاسخ ناقص. ۷–۹ متوسط: پاسخ منطقی پایه. ۱۰–۱۲ سالم: اقناع نسبتاً آماده. ۱۳–۱۵ پیشرفته: لایهٔ اقناع کامل و مستند با کاهش ریسک.,۰ بحرانی: هر بار در لحظه روبه‌رو می‌شویم. ۱ ضعیف: شناخت بدون ثبت. ۲ متوسط: اعتراض‌های پرتکرار شناخته‌شده. ۳ پیشرفته: اعتراض‌ها ثبت، دسته‌بندی و تحلیل شده‌اند.,عارضهٔ اقناع و رفع تردید. ضعف یعنی اعتراض‌ها ناشناخته و ثبت‌نشده، پاسخ‌های بداهه، نبود مدرک/سوشال‌پروف، مدیریت‌نشدن مقایسه با رقبا و نبود کاهش ریسک. نتیجه: علاقه بدون خرید، چرخهٔ فروش طولانی و اتکا به تخفیف.
وقتی مشتری درباره خرید شک دارد، جواب شما معمولاً چقدر آماده و قانع‌کننده است؟,11,برخورد با اعتراضات,2,پاسخ‌ها بداهه و وابسته به فرد است.,چند پاسخ آماده داریم، اما کامل نیست.,برای بیشتر اعتراض‌ها پاسخ منطقی داریم.,برای هر اعتراض مهم، پاسخ، مثال، مدرک و سؤال تکمیلی آماده داریم.,ثبت و دسته‌بندی اعتراض‌های پرتکرار، آماده‌کردن پاسخ + مثال + مدرک برای هر اعتراض، فراهم‌کردن سوشال‌پروف و نمونه، مدیریت شفاف مقایسه با رقبا و طراحی کاهش ریسک (ضمانت/دمو/نمونه).,آماده و قانع‌کننده‌بودن پاسخ به تردید مشتری را می‌سنجد.,جمع ۵ سؤال (۰ تا ۱۵). ۰–۳ بحرانی: اعتراض‌ها بداهه مدیریت می‌شوند. ۴–۶ ضعیف: پاسخ ناقص. ۷–۹ متوسط: پاسخ منطقی پایه. ۱۰–۱۲ سالم: اقناع نسبتاً آماده. ۱۳–۱۵ پیشرفته: لایهٔ اقناع کامل و مستند با کاهش ریسک.,۰ بحرانی: بداهه و وابسته به فرد. ۱ ضعیف: چند پاسخ ناقص. ۲ متوسط: پاسخ منطقی برای بیشتر اعتراض‌ها. ۳ پیشرفته: برای هر اعتراض پاسخ، مثال، مدرک و سؤال تکمیلی.,عارضهٔ اقناع و رفع تردید. ضعف یعنی اعتراض‌ها ناشناخته و ثبت‌نشده، پاسخ‌های بداهه، نبود مدرک/سوشال‌پروف، مدیریت‌نشدن مقایسه با رقبا و نبود کاهش ریسک. نتیجه: علاقه بدون خرید، چرخهٔ فروش طولانی و اتکا به تخفیف.
قبل از خرید، مشتری می‌تواند نمونه، تجربه مشتری قبلی، نتیجه واقعی یا مدرکی ببیند که خیالش راحت‌تر شود؟,11,برخورد با اعتراضات,3,نه، مدرک مشخصی ارائه نمی‌کنیم.,گاهی نمونه یا رضایت مشتری نشان می‌دهیم.,در بیشتر موارد مدرک یا نمونه قابل ارائه داریم.,برای تردیدهای مختلف، نمونه، کیس، رضایت، دمو یا ضمانت مناسب داریم.,ثبت و دسته‌بندی اعتراض‌های پرتکرار، آماده‌کردن پاسخ + مثال + مدرک برای هر اعتراض، فراهم‌کردن سوشال‌پروف و نمونه، مدیریت شفاف مقایسه با رقبا و طراحی کاهش ریسک (ضمانت/دمو/نمونه).,وجود شواهد قابل ارائه برای کاهش تردید را می‌سنجد.,جمع ۵ سؤال (۰ تا ۱۵). ۰–۳ بحرانی: اعتراض‌ها بداهه مدیریت می‌شوند. ۴–۶ ضعیف: پاسخ ناقص. ۷–۹ متوسط: پاسخ منطقی پایه. ۱۰–۱۲ سالم: اقناع نسبتاً آماده. ۱۳–۱۵ پیشرفته: لایهٔ اقناع کامل و مستند با کاهش ریسک.,۰ بحرانی: مدرک مشخصی نیست. ۱ ضعیف: گاهی نمونه/رضایت. ۲ متوسط: مدرک در بیشتر موارد قابل ارائه. ۳ پیشرفته: نمونه/کیس/رضایت/دمو/ضمانت برای تردیدهای مختلف.,عارضهٔ اقناع و رفع تردید. ضعف یعنی اعتراض‌ها ناشناخته و ثبت‌نشده، پاسخ‌های بداهه، نبود مدرک/سوشال‌پروف، مدیریت‌نشدن مقایسه با رقبا و نبود کاهش ریسک. نتیجه: علاقه بدون خرید، چرخهٔ فروش طولانی و اتکا به تخفیف.
وقتی مشتری شما را با گزینه‌های دیگر مقایسه می‌کند، آیا کمکش می‌کنید درست تصمیم بگیرد؟,11,برخورد با اعتراضات,4,نه، معمولاً فقط از خودمان دفاع می‌کنیم یا تخفیف می‌دهیم.,گاهی تفاوت‌ها را توضیح می‌دهیم.,معمولاً مقایسه را با معیارهای درست مدیریت می‌کنیم.,چارچوب مقایسه، مزیت‌ها، محدودیت‌ها و معیار انتخاب را شفاف توضیح می‌دهیم.,ثبت و دسته‌بندی اعتراض‌های پرتکرار، آماده‌کردن پاسخ + مثال + مدرک برای هر اعتراض، فراهم‌کردن سوشال‌پروف و نمونه، مدیریت شفاف مقایسه با رقبا و طراحی کاهش ریسک (ضمانت/دمو/نمونه).,مدیریت درست مقایسهٔ مشتری با گزینه‌های دیگر را می‌سنجد.,جمع ۵ سؤال (۰ تا ۱۵). ۰–۳ بحرانی: اعتراض‌ها بداهه مدیریت می‌شوند. ۴–۶ ضعیف: پاسخ ناقص. ۷–۹ متوسط: پاسخ منطقی پایه. ۱۰–۱۲ سالم: اقناع نسبتاً آماده. ۱۳–۱۵ پیشرفته: لایهٔ اقناع کامل و مستند با کاهش ریسک.,۰ بحرانی: فقط دفاع از خود یا تخفیف. ۱ ضعیف: توضیح موردی تفاوت‌ها. ۲ متوسط: مدیریت با معیارهای درست. ۳ پیشرفته: چارچوب شفاف مقایسه و معیار انتخاب.,عارضهٔ اقناع و رفع تردید. ضعف یعنی اعتراض‌ها ناشناخته و ثبت‌نشده، پاسخ‌های بداهه، نبود مدرک/سوشال‌پروف، مدیریت‌نشدن مقایسه با رقبا و نبود کاهش ریسک. نتیجه: علاقه بدون خرید، چرخهٔ فروش طولانی و اتکا به تخفیف.
اگر مشتری نگران باشد که خرید اشتباهی انجام دهد، آیا چیزی دارید که ریسک تصمیمش را کمتر کند؟,11,برخورد با اعتراضات,5,نه، ریسک تصمیم با خود مشتری است.,گاهی قول یا اطمینان شفاهی می‌دهیم.,بعضی روش‌ها مثل ضمانت، دمو یا نمونه داریم.,کاهش ریسک به شکل مشخص در پیشنهاد، مکالمه و فرایند خرید طراحی شده است.,ثبت و دسته‌بندی اعتراض‌های پرتکرار، آماده‌کردن پاسخ + مثال + مدرک برای هر اعتراض، فراهم‌کردن سوشال‌پروف و نمونه، مدیریت شفاف مقایسه با رقبا و طراحی کاهش ریسک (ضمانت/دمو/نمونه).,وجود ابزار کاهش ریسک تصمیم خرید را می‌سنجد.,جمع ۵ سؤال (۰ تا ۱۵). ۰–۳ بحرانی: اعتراض‌ها بداهه مدیریت می‌شوند. ۴–۶ ضعیف: پاسخ ناقص. ۷–۹ متوسط: پاسخ منطقی پایه. ۱۰–۱۲ سالم: اقناع نسبتاً آماده. ۱۳–۱۵ پیشرفته: لایهٔ اقناع کامل و مستند با کاهش ریسک.,۰ بحرانی: ریسک با مشتری است. ۱ ضعیف: اطمینان شفاهی. ۲ متوسط: بعضی روش‌ها مثل ضمانت/دمو. ۳ پیشرفته: کاهش ریسک به‌شکل مشخص در پیشنهاد و فرایند طراحی شده.,عارضهٔ اقناع و رفع تردید. ضعف یعنی اعتراض‌ها ناشناخته و ثبت‌نشده، پاسخ‌های بداهه، نبود مدرک/سوشال‌پروف، مدیریت‌نشدن مقایسه با رقبا و نبود کاهش ریسک. نتیجه: علاقه بدون خرید، چرخهٔ فروش طولانی و اتکا به تخفیف.
وقتی مشتری تصمیم می‌گیرد از شما خرید کند، دقیقاً می‌داند قدم بعدی چیست؟,12,نهایی‌سازی فروش,1,نه، معمولاً باید بپرسد حالا چه کار کند.,گاهی قدم بعدی گفته می‌شود.,در بیشتر موارد قدم بعدی مشخص است.,مسیر اقدام، پرداخت، ثبت سفارش یا قرارداد کاملاً روشن و ساده است.,ساده و روشن‌کردن مسیر اقدام/پرداخت، کاهش اصطکاک خرید، شفاف‌کردن قیمت و شرایط، پیگیری زمان‌بندی‌شدهٔ مشتری آماده و ارسال استاندارد تأیید/تشکر و قدم بعدی پس از خرید.,روشن‌بودن اقدام پس از تصمیم خرید را می‌سنجد.,جمع ۵ سؤال (۰ تا ۱۵). ۰–۳ بحرانی: ریزش لحظهٔ خرید. ۴–۶ ضعیف: مسیر پراصطکاک. ۷–۹ متوسط: مسیر نسبتاً ساده. ۱۰–۱۲ سالم: نهایی‌سازی روان. ۱۳–۱۵ پیشرفته: مسیر خرید کم‌اصطکاک، شفاف و پیگیری‌شده.,۰ بحرانی: مشتری باید بپرسد چه کند. ۱ ضعیف: گاهی گفته می‌شود. ۲ متوسط: در بیشتر موارد مشخص. ۳ پیشرفته: مسیر پرداخت/ثبت سفارش/قرارداد کاملاً روشن.,عارضهٔ تبدیل و ریزش لحظهٔ خرید. ضعف یعنی نامشخص‌بودن قدم بعدی، مسیر خرید پراصطکاک، مبهم‌بودن قیمت/شرایط، پیگیری نامنظم مشتری آماده و نبود تأیید پس از خرید. نتیجه: ریزش گران‌قیمت در نزدیکی خرید.
برای اینکه مشتری از شما خرید کند، مسیر خرید چقدر کوتاه و راحت است؟,12,نهایی‌سازی فروش,2,مسیر پیچیده، کند یا وابسته به هماهنگی زیاد است.,مسیر قابل انجام است، اما اصطکاک دارد.,مسیر نسبتاً ساده است.,مسیر خرید کوتاه، روشن، کم‌اصطکاک و قابل پیگیری است.,ساده و روشن‌کردن مسیر اقدام/پرداخت، کاهش اصطکاک خرید، شفاف‌کردن قیمت و شرایط، پیگیری زمان‌بندی‌شدهٔ مشتری آماده و ارسال استاندارد تأیید/تشکر و قدم بعدی پس از خرید.,میزان اصطکاک و سادگی مسیر خرید را می‌سنجد.,جمع ۵ سؤال (۰ تا ۱۵). ۰–۳ بحرانی: ریزش لحظهٔ خرید. ۴–۶ ضعیف: مسیر پراصطکاک. ۷–۹ متوسط: مسیر نسبتاً ساده. ۱۰–۱۲ سالم: نهایی‌سازی روان. ۱۳–۱۵ پیشرفته: مسیر خرید کم‌اصطکاک، شفاف و پیگیری‌شده.,۰ بحرانی: مسیر پیچیده و کند. ۱ ضعیف: قابل انجام ولی پراصطکاک. ۲ متوسط: نسبتاً ساده. ۳ پیشرفته: کوتاه، روشن، کم‌اصطکاک و قابل پیگیری.,عارضهٔ تبدیل و ریزش لحظهٔ خرید. ضعف یعنی نامشخص‌بودن قدم بعدی، مسیر خرید پراصطکاک، مبهم‌بودن قیمت/شرایط، پیگیری نامنظم مشتری آماده و نبود تأیید پس از خرید. نتیجه: ریزش گران‌قیمت در نزدیکی خرید.
قبل از خرید، آیا قیمت، شرایط، مراحل، زمان تحویل یا نحوه دریافت خدمت برای مشتری واضح است؟,12,نهایی‌سازی فروش,3,نه، مشتری باید زیاد سؤال کند.,بخشی از اطلاعات واضح است، اما همه چیز نه.,بیشتر اطلاعات اصلی روشن است.,همه اطلاعات لازم برای تصمیم و خرید شفاف، مرتب و قابل دسترسی است.,ساده و روشن‌کردن مسیر اقدام/پرداخت، کاهش اصطکاک خرید، شفاف‌کردن قیمت و شرایط، پیگیری زمان‌بندی‌شدهٔ مشتری آماده و ارسال استاندارد تأیید/تشکر و قدم بعدی پس از خرید.,شفافیت اطلاعات لازم برای تصمیم و خرید را می‌سنجد.,جمع ۵ سؤال (۰ تا ۱۵). ۰–۳ بحرانی: ریزش لحظهٔ خرید. ۴–۶ ضعیف: مسیر پراصطکاک. ۷–۹ متوسط: مسیر نسبتاً ساده. ۱۰–۱۲ سالم: نهایی‌سازی روان. ۱۳–۱۵ پیشرفته: مسیر خرید کم‌اصطکاک، شفاف و پیگیری‌شده.,۰ بحرانی: مشتری باید زیاد بپرسد. ۱ ضعیف: بخشی شفاف. ۲ متوسط: بیشتر اطلاعات روشن. ۳ پیشرفته: همهٔ اطلاعات شفاف و قابل دسترسی.,عارضهٔ تبدیل و ریزش لحظهٔ خرید. ضعف یعنی نامشخص‌بودن قدم بعدی، مسیر خرید پراصطکاک، مبهم‌بودن قیمت/شرایط، پیگیری نامنظم مشتری آماده و نبود تأیید پس از خرید. نتیجه: ریزش گران‌قیمت در نزدیکی خرید.
وقتی مشتری نشانه‌ای از آمادگی خرید نشان می‌دهد، چقدر سریع و منظم پیگیری می‌شود؟,12,نهایی‌سازی فروش,4,پیگیری نامنظم است و فرصت‌ها از دست می‌روند.,گاهی پیگیری می‌کنیم، اما به حافظه فرد وابسته است.,بیشتر مشتری‌های آماده خرید پیگیری می‌شوند.,پیگیری مشتری آماده خرید زمان‌بندی، مسئول و وضعیت مشخص دارد.,ساده و روشن‌کردن مسیر اقدام/پرداخت، کاهش اصطکاک خرید، شفاف‌کردن قیمت و شرایط، پیگیری زمان‌بندی‌شدهٔ مشتری آماده و ارسال استاندارد تأیید/تشکر و قدم بعدی پس از خرید.,سرعت و نظم پیگیری نشانهٔ آمادگی خرید را می‌سنجد.,جمع ۵ سؤال (۰ تا ۱۵). ۰–۳ بحرانی: ریزش لحظهٔ خرید. ۴–۶ ضعیف: مسیر پراصطکاک. ۷–۹ متوسط: مسیر نسبتاً ساده. ۱۰–۱۲ سالم: نهایی‌سازی روان. ۱۳–۱۵ پیشرفته: مسیر خرید کم‌اصطکاک، شفاف و پیگیری‌شده.,۰ بحرانی: نامنظم و از دست رفتن فرصت. ۱ ضعیف: وابسته به حافظهٔ فرد. ۲ متوسط: بیشتر مشتری‌های آماده پیگیری می‌شوند. ۳ پیشرفته: پیگیری با زمان‌بندی، مسئول و وضعیت مشخص.,عارضهٔ تبدیل و ریزش لحظهٔ خرید. ضعف یعنی نامشخص‌بودن قدم بعدی، مسیر خرید پراصطکاک، مبهم‌بودن قیمت/شرایط، پیگیری نامنظم مشتری آماده و نبود تأیید پس از خرید. نتیجه: ریزش گران‌قیمت در نزدیکی خرید.
بعد از اینکه مشتری خرید می‌کند، آیا بلافاصله می‌فهمد خریدش درست ثبت شده و قدم بعدی چیست؟,12,نهایی‌سازی فروش,5,نه، بعد از پرداخت یا سفارش ابهام دارد.,گاهی تأیید می‌کنیم، اما ساختار ثابت ندارد.,بیشتر خریدها با پیام تأیید و توضیح قدم بعدی همراه است.,بعد از خرید، پیام تأیید، تشکر، زمان‌بندی و قدم بعدی به‌صورت استاندارد ارسال می‌شود.,ساده و روشن‌کردن مسیر اقدام/پرداخت، کاهش اصطکاک خرید، شفاف‌کردن قیمت و شرایط، پیگیری زمان‌بندی‌شدهٔ مشتری آماده و ارسال استاندارد تأیید/تشکر و قدم بعدی پس از خرید.,وجود تأیید و قدم بعدی روشن بلافاصله پس از خرید را می‌سنجد.,جمع ۵ سؤال (۰ تا ۱۵). ۰–۳ بحرانی: ریزش لحظهٔ خرید. ۴–۶ ضعیف: مسیر پراصطکاک. ۷–۹ متوسط: مسیر نسبتاً ساده. ۱۰–۱۲ سالم: نهایی‌سازی روان. ۱۳–۱۵ پیشرفته: مسیر خرید کم‌اصطکاک، شفاف و پیگیری‌شده.,۰ بحرانی: ابهام پس از پرداخت. ۱ ضعیف: تأیید بدون ساختار. ۲ متوسط: بیشتر خریدها با تأیید همراه است. ۳ پیشرفته: پیام تأیید، تشکر، زمان‌بندی و قدم بعدی استاندارد.,عارضهٔ تبدیل و ریزش لحظهٔ خرید. ضعف یعنی نامشخص‌بودن قدم بعدی، مسیر خرید پراصطکاک، مبهم‌بودن قیمت/شرایط، پیگیری نامنظم مشتری آماده و نبود تأیید پس از خرید. نتیجه: ریزش گران‌قیمت در نزدیکی خرید.
بعد از اینکه مشتری از شما خرید می‌کند، معمولاً ارتباط شما با او ادامه پیدا می‌کند؟,13,وفاداری مشتری,1,نه، معمولاً بعد از خرید ارتباط قطع می‌شود.,فقط اگر مشتری خودش پیام بدهد یا مشکلی داشته باشد.,گاهی بعد از خرید پیگیری می‌کنیم.,مسیر مشخصی برای ارتباط بعد از خرید وجود دارد.,طراحی قیف بعد از خرید (تشکر، راهنما، پیگیری رضایت، بازخورد، پیشنهاد مکمل، باشگاه مشتریان، برنامهٔ ارجاع) و تبدیل منظم تجربهٔ مشتریان موفق به کیس/نظر/سوشال‌پروف.,وجود مسیر ارتباط پس از خرید را می‌سنجد.,جمع ۵ سؤال (۰ تا ۱۵). ۰–۳ بحرانی: ارتباط پس از خرید قطع می‌شود. ۴–۶ ضعیف: پیگیری واکنشی. ۷–۹ متوسط: پیگیری گاه‌به‌گاه. ۱۰–۱۲ سالم: مسیر پس از خرید مشخص. ۱۳–۱۵ پیشرفته: وفاداری، خرید مجدد و ارجاع سیستمی.,۰ بحرانی: ارتباط قطع می‌شود. ۱ ضعیف: فقط در صورت پیام/مشکل مشتری. ۲ متوسط: پیگیری گاه‌به‌گاه. ۳ پیشرفته: مسیر مشخص ارتباط پس از خرید.,عارضهٔ بعد از خرید. ضعف یعنی قطع ارتباط پس از خرید، نسنجیدن رضایت، اتفاقی‌بودن خرید مجدد، نبود سیستم ارجاع و استفاده‌نکردن از تجربهٔ مشتری راضی. نتیجه: CAC بالا، CLV پایین و نبود تبلیغات دهان‌به‌دهان.
بعد از خرید، معمولاً می‌فهمید مشتری واقعاً راضی بوده یا نه؟,13,وفاداری مشتری,2,نه، مگر اینکه خودش شکایت کند.,گاهی از بعضی مشتری‌ها می‌پرسیم.,در بیشتر موارد رضایت مشتری را می‌سنجیم.,رضایت، نارضایتی و بازخورد مشتری ثبت و تحلیل می‌شود.,طراحی قیف بعد از خرید (تشکر، راهنما، پیگیری رضایت، بازخورد، پیشنهاد مکمل، باشگاه مشتریان، برنامهٔ ارجاع) و تبدیل منظم تجربهٔ مشتریان موفق به کیس/نظر/سوشال‌پروف.,اندازه‌گیری رضایت واقعی مشتری پس از خرید را می‌سنجد.,جمع ۵ سؤال (۰ تا ۱۵). ۰–۳ بحرانی: ارتباط پس از خرید قطع می‌شود. ۴–۶ ضعیف: پیگیری واکنشی. ۷–۹ متوسط: پیگیری گاه‌به‌گاه. ۱۰–۱۲ سالم: مسیر پس از خرید مشخص. ۱۳–۱۵ پیشرفته: وفاداری، خرید مجدد و ارجاع سیستمی.,۰ بحرانی: فقط در صورت شکایت. ۱ ضعیف: پرسش موردی. ۲ متوسط: سنجش در بیشتر موارد. ۳ پیشرفته: رضایت/نارضایتی/بازخورد ثبت و تحلیل می‌شود.,عارضهٔ بعد از خرید. ضعف یعنی قطع ارتباط پس از خرید، نسنجیدن رضایت، اتفاقی‌بودن خرید مجدد، نبود سیستم ارجاع و استفاده‌نکردن از تجربهٔ مشتری راضی. نتیجه: CAC بالا، CLV پایین و نبود تبلیغات دهان‌به‌دهان.
بعد از خرید اول، آیا برای اینکه مشتری دوباره خرید کند یا پیشنهاد مناسب بعدی را ببیند برنامه‌ای دارید؟,13,وفاداری مشتری,3,نه، خرید مجدد اتفاقی است.,گاهی پیشنهاد بعدی می‌دهیم.,برای بعضی محصولات یا مشتری‌ها پیشنهاد بعدی داریم.,مسیر خرید مجدد، پیشنهاد مکمل و زمان مناسب ارتباط طراحی شده است.,طراحی قیف بعد از خرید (تشکر، راهنما، پیگیری رضایت، بازخورد، پیشنهاد مکمل، باشگاه مشتریان، برنامهٔ ارجاع) و تبدیل منظم تجربهٔ مشتریان موفق به کیس/نظر/سوشال‌پروف.,وجود برنامه برای خرید مجدد و پیشنهاد مکمل را می‌سنجد.,جمع ۵ سؤال (۰ تا ۱۵). ۰–۳ بحرانی: ارتباط پس از خرید قطع می‌شود. ۴–۶ ضعیف: پیگیری واکنشی. ۷–۹ متوسط: پیگیری گاه‌به‌گاه. ۱۰–۱۲ سالم: مسیر پس از خرید مشخص. ۱۳–۱۵ پیشرفته: وفاداری، خرید مجدد و ارجاع سیستمی.,۰ بحرانی: خرید مجدد اتفاقی. ۱ ضعیف: پیشنهاد بعدی موردی. ۲ متوسط: برای بعضی محصولات پیشنهاد بعدی. ۳ پیشرفته: مسیر خرید مجدد و پیشنهاد مکمل طراحی‌شده.,عارضهٔ بعد از خرید. ضعف یعنی قطع ارتباط پس از خرید، نسنجیدن رضایت، اتفاقی‌بودن خرید مجدد، نبود سیستم ارجاع و استفاده‌نکردن از تجربهٔ مشتری راضی. نتیجه: CAC بالا، CLV پایین و نبود تبلیغات دهان‌به‌دهان.
وقتی مشتری از خریدش راضی است، آیا از او می‌خواهید شما را به دیگران معرفی کند یا راهی برای معرفی آسان دارید؟,13,وفاداری مشتری,4,نه، معمولاً درخواست معرفی نمی‌کنیم.,گاهی از مشتری‌های راضی درخواست معرفی می‌کنیم.,تا حدی مسیر معرفی یا درخواست نظر داریم.,سیستم مشخصی برای تبدیل مشتری راضی به معرفی، نظر یا سوشال پروف داریم.,طراحی قیف بعد از خرید (تشکر، راهنما، پیگیری رضایت، بازخورد، پیشنهاد مکمل، باشگاه مشتریان، برنامهٔ ارجاع) و تبدیل منظم تجربهٔ مشتریان موفق به کیس/نظر/سوشال‌پروف.,وجود مسیر تبدیل مشتری راضی به معرفی را می‌سنجد.,جمع ۵ سؤال (۰ تا ۱۵). ۰–۳ بحرانی: ارتباط پس از خرید قطع می‌شود. ۴–۶ ضعیف: پیگیری واکنشی. ۷–۹ متوسط: پیگیری گاه‌به‌گاه. ۱۰–۱۲ سالم: مسیر پس از خرید مشخص. ۱۳–۱۵ پیشرفته: وفاداری، خرید مجدد و ارجاع سیستمی.,۰ بحرانی: درخواست معرفی نمی‌شود. ۱ ضعیف: درخواست موردی. ۲ متوسط: مسیر معرفی نسبی. ۳ پیشرفته: سیستم مشخص ارجاع/نظر/سوشال‌پروف.,عارضهٔ بعد از خرید. ضعف یعنی قطع ارتباط پس از خرید، نسنجیدن رضایت، اتفاقی‌بودن خرید مجدد، نبود سیستم ارجاع و استفاده‌نکردن از تجربهٔ مشتری راضی. نتیجه: CAC بالا، CLV پایین و نبود تبلیغات دهان‌به‌دهان.
وقتی مشتری از شما نتیجه خوبی می‌گیرد یا راضی است، آیا از تجربه او برای جذب و اعتمادسازی مشتری‌های بعدی استفاده می‌کنید؟,13,وفاداری مشتری,5,نه، تجربه مشتری‌ها جمع‌آوری نمی‌شود.,گاهی رضایت مشتری را منتشر می‌کنیم.,بعضی تجربه‌های خوب را به محتوا یا نمونه تبدیل می‌کنیم.,تجربه مشتری‌های موفق به‌صورت منظم به کیس، محتوا، نظر، معرفی یا مدرک فروش تبدیل می‌شود.,طراحی قیف بعد از خرید (تشکر، راهنما، پیگیری رضایت، بازخورد، پیشنهاد مکمل، باشگاه مشتریان، برنامهٔ ارجاع) و تبدیل منظم تجربهٔ مشتریان موفق به کیس/نظر/سوشال‌پروف.,تبدیل تجربهٔ مشتری موفق به دارایی جذب و اعتمادسازی را می‌سنجد.,جمع ۵ سؤال (۰ تا ۱۵). ۰–۳ بحرانی: ارتباط پس از خرید قطع می‌شود. ۴–۶ ضعیف: پیگیری واکنشی. ۷–۹ متوسط: پیگیری گاه‌به‌گاه. ۱۰–۱۲ سالم: مسیر پس از خرید مشخص. ۱۳–۱۵ پیشرفته: وفاداری، خرید مجدد و ارجاع سیستمی.,۰ بحرانی: تجربه‌ها جمع‌آوری نمی‌شود. ۱ ضعیف: انتشار موردی رضایت. ۲ متوسط: تبدیل بعضی تجربه‌ها به محتوا. ۳ پیشرفته: تبدیل منظم به کیس/محتوا/نظر/مدرک فروش.,عارضهٔ بعد از خرید. ضعف یعنی قطع ارتباط پس از خرید، نسنجیدن رضایت، اتفاقی‌بودن خرید مجدد، نبود سیستم ارجاع و استفاده‌نکردن از تجربهٔ مشتری راضی. نتیجه: CAC بالا، CLV پایین و نبود تبلیغات دهان‌به‌دهان.
اگر مشتری از پیج، سایت، دایرکت، تماس، واتساپ یا فروشنده سؤال بپرسد، معمولاً جواب‌های هماهنگ و واضح می‌گیرد؟,14,یکپارچگی Touchpoint,1,نه، جواب‌ها متفاوت و گاهی متناقض‌اند.,بعضی جواب‌ها هماهنگ‌اند، اما بستگی به فرد دارد.,در بیشتر کانال‌ها جواب‌ها نسبتاً هماهنگ‌اند.,پیام، پاسخ و اطلاعات اصلی در همه کانال‌ها یکدست و مستند است.,ساخت نقشهٔ کامل نقاط تماس با هدف، پیام، کانال، مسئول و حس مطلوب هر نقطه؛ یکدست‌کردن لحن و استاندارد پاسخ، تعریف قدم بعدی هر تماس و پایش/بهینه‌سازی منظم تجربهٔ نقاط تماس.,یکدستی پاسخ و اطلاعات در کانال‌های مختلف را می‌سنجد.,جمع ۵ سؤال (۰ تا ۱۵). ۰–۳ بحرانی: تجربهٔ متناقض و ناهماهنگ. ۴–۶ ضعیف: هماهنگی وابسته به فرد. ۷–۹ متوسط: هماهنگی نسبی. ۱۰–۱۲ سالم: نقاط تماس اصلی تعریف‌شده. ۱۳–۱۵ پیشرفته: نقشهٔ کامل، یکدست و بهینه‌شونده.,۰ بحرانی: جواب‌های متفاوت و متناقض. ۱ ضعیف: وابسته به فرد. ۲ متوسط: نسبتاً هماهنگ. ۳ پیشرفته: پیام و اطلاعات اصلی یکدست و مستند در همهٔ کانال‌ها.,عارضهٔ اجرایی و تجربهٔ مشتری. ضعف یعنی جواب‌های متفاوت و متناقض در کانال‌ها، لحن ناهماهنگ، نامشخص‌بودن قدم بعدی، نبود نقشهٔ نقاط تماس و شناسایی‌نشدن نقاط ریزش تجربه. نتیجه: کاهش اعتماد، ریزش بین مراحل و تصویر غیرحرفه‌ای برند.
وقتی مشتری با شما در جاهای مختلف ارتباط می‌گیرد، لحن و برخورد شما معمولاً یکدست و حرفه‌ای است؟,14,یکپارچگی Touchpoint,2,نه، لحن کاملاً وابسته به فرد یا کانال است.,تا حدی حرفه‌ای است، اما یکدست نیست.,بیشتر نقاط تماس لحن نسبتاً یکسان دارند.,لحن، استاندارد پاسخ و تجربه رفتاری در نقاط تماس اصلی تعریف شده است.,ساخت نقشهٔ کامل نقاط تماس با هدف، پیام، کانال، مسئول و حس مطلوب هر نقطه؛ یکدست‌کردن لحن و استاندارد پاسخ، تعریف قدم بعدی هر تماس و پایش/بهینه‌سازی منظم تجربهٔ نقاط تماس.,یکدستی و حرفه‌ای‌بودن لحن و برخورد در نقاط تماس را می‌سنجد.,جمع ۵ سؤال (۰ تا ۱۵). ۰–۳ بحرانی: تجربهٔ متناقض و ناهماهنگ. ۴–۶ ضعیف: هماهنگی وابسته به فرد. ۷–۹ متوسط: هماهنگی نسبی. ۱۰–۱۲ سالم: نقاط تماس اصلی تعریف‌شده. ۱۳–۱۵ پیشرفته: نقشهٔ کامل، یکدست و بهینه‌شونده.,۰ بحرانی: کاملاً وابسته به فرد/کانال. ۱ ضعیف: حرفه‌ای ولی ناهماهنگ. ۲ متوسط: نسبتاً یکسان. ۳ پیشرفته: لحن و استاندارد پاسخ تعریف‌شده و یکدست.,عارضهٔ اجرایی و تجربهٔ مشتری. ضعف یعنی جواب‌های متفاوت و متناقض در کانال‌ها، لحن ناهماهنگ، نامشخص‌بودن قدم بعدی، نبود نقشهٔ نقاط تماس و شناسایی‌نشدن نقاط ریزش تجربه. نتیجه: کاهش اعتماد، ریزش بین مراحل و تصویر غیرحرفه‌ای برند.
بعد از هر ارتباط با مشتری، معمولاً مشخص است قدم بعدی چیست؟,14,یکپارچگی Touchpoint,3,نه، مشتری اغلب سردرگم می‌ماند.,گاهی قدم بعدی گفته می‌شود.,در بیشتر ارتباط‌ها قدم بعدی مشخص است.,هر نقطه تماس هدف، پیام و قدم بعدی مشخص دارد.,ساخت نقشهٔ کامل نقاط تماس با هدف، پیام، کانال، مسئول و حس مطلوب هر نقطه؛ یکدست‌کردن لحن و استاندارد پاسخ، تعریف قدم بعدی هر تماس و پایش/بهینه‌سازی منظم تجربهٔ نقاط تماس.,تعریف قدم بعدی روشن پس از هر ارتباط/تماس را می‌سنجد.,جمع ۵ سؤال (۰ تا ۱۵). ۰–۳ بحرانی: تجربهٔ متناقض و ناهماهنگ. ۴–۶ ضعیف: هماهنگی وابسته به فرد. ۷–۹ متوسط: هماهنگی نسبی. ۱۰–۱۲ سالم: نقاط تماس اصلی تعریف‌شده. ۱۳–۱۵ پیشرفته: نقشهٔ کامل، یکدست و بهینه‌شونده.,۰ بحرانی: مشتری سردرگم می‌ماند. ۱ ضعیف: گاهی گفته می‌شود. ۲ متوسط: در بیشتر ارتباط‌ها مشخص. ۳ پیشرفته: هر نقطه تماس هدف، پیام و قدم بعدی روشن دارد.,عارضهٔ اجرایی و تجربهٔ مشتری. ضعف یعنی جواب‌های متفاوت و متناقض در کانال‌ها، لحن ناهماهنگ، نامشخص‌بودن قدم بعدی، نبود نقشهٔ نقاط تماس و شناسایی‌نشدن نقاط ریزش تجربه. نتیجه: کاهش اعتماد، ریزش بین مراحل و تصویر غیرحرفه‌ای برند.
آیا از قبل مشخص کرده‌اید مشتری در مسیر آشنایی تا خرید و بعد از خرید، کجاها با شما تماس دارد و در هرجا باید چه تجربه‌ای بگیرد؟,14,یکپارچگی Touchpoint,4,نه، نقاط تماس را ننوشته‌ایم.,بعضی نقاط تماس را می‌شناسیم، اما نقشه کامل نداریم.,نقاط تماس اصلی را مشخص کرده‌ایم.,نقشه کامل نقاط تماس، هدف، پیام، مسئول و حس مطلوب مشتری مشخص است.,ساخت نقشهٔ کامل نقاط تماس با هدف، پیام، کانال، مسئول و حس مطلوب هر نقطه؛ یکدست‌کردن لحن و استاندارد پاسخ، تعریف قدم بعدی هر تماس و پایش/بهینه‌سازی منظم تجربهٔ نقاط تماس.,وجود نقشهٔ از پیش طراحی‌شدهٔ نقاط تماس و تجربهٔ مطلوب را می‌سنجد.,جمع ۵ سؤال (۰ تا ۱۵). ۰–۳ بحرانی: تجربهٔ متناقض و ناهماهنگ. ۴–۶ ضعیف: هماهنگی وابسته به فرد. ۷–۹ متوسط: هماهنگی نسبی. ۱۰–۱۲ سالم: نقاط تماس اصلی تعریف‌شده. ۱۳–۱۵ پیشرفته: نقشهٔ کامل، یکدست و بهینه‌شونده.,۰ بحرانی: نقاط تماس ننوشته و ذهنی. ۱ ضعیف: شناخت بدون نقشهٔ کامل. ۲ متوسط: نقاط تماس اصلی مشخص. ۳ پیشرفته: نقشهٔ کامل با هدف، پیام، مسئول و حس مطلوب.,عارضهٔ اجرایی و تجربهٔ مشتری. ضعف یعنی جواب‌های متفاوت و متناقض در کانال‌ها، لحن ناهماهنگ، نامشخص‌بودن قدم بعدی، نبود نقشهٔ نقاط تماس و شناسایی‌نشدن نقاط ریزش تجربه. نتیجه: کاهش اعتماد، ریزش بین مراحل و تصویر غیرحرفه‌ای برند.
وقتی مشتری در ارتباط با شما سردرگم، ناراضی یا معطل می‌شود، آیا متوجه می‌شوید و آن نقطه را اصلاح می‌کنید؟,14,یکپارچگی Touchpoint,5,نه، معمولاً فقط وقتی شکایت جدی شود می‌فهمیم.,گاهی متوجه می‌شویم، اما اصلاح سیستماتیک نیست.,بیشتر مشکلات تجربه مشتری را شناسایی و اصلاح می‌کنیم.,تجربه نقاط تماس به‌صورت منظم پایش، بازخوردگیری و بهینه‌سازی می‌شود.,ساخت نقشهٔ کامل نقاط تماس با هدف، پیام، کانال، مسئول و حس مطلوب هر نقطه؛ یکدست‌کردن لحن و استاندارد پاسخ، تعریف قدم بعدی هر تماس و پایش/بهینه‌سازی منظم تجربهٔ نقاط تماس.,پایش و اصلاح نقاط نارضایتی و سردرگمی در تجربهٔ مشتری را می‌سنجد.,جمع ۵ سؤال (۰ تا ۱۵). ۰–۳ بحرانی: تجربهٔ متناقض و ناهماهنگ. ۴–۶ ضعیف: هماهنگی وابسته به فرد. ۷–۹ متوسط: هماهنگی نسبی. ۱۰–۱۲ سالم: نقاط تماس اصلی تعریف‌شده. ۱۳–۱۵ پیشرفته: نقشهٔ کامل، یکدست و بهینه‌شونده.,۰ بحرانی: فقط با شکایت جدی فهمیده می‌شود. ۱ ضعیف: شناسایی بدون اصلاح سیستماتیک. ۲ متوسط: شناسایی و اصلاح بیشتر مشکلات. ۳ پیشرفته: پایش، بازخوردگیری و بهینه‌سازی منظم.,عارضهٔ اجرایی و تجربهٔ مشتری. ضعف یعنی جواب‌های متفاوت و متناقض در کانال‌ها، لحن ناهماهنگ، نامشخص‌بودن قدم بعدی، نبود نقشهٔ نقاط تماس و شناسایی‌نشدن نقاط ریزش تجربه. نتیجه: کاهش اعتماد، ریزش بین مراحل و تصویر غیرحرفه‌ای برند.
وقتی یک مشتری جدید با شما تماس می‌گیرد یا پیام می‌دهد، معمولاً می‌دانید اولین بار از کجا با شما آشنا شده؟,15,شفافیت مسیر فروش,1,نه، معمولاً نمی‌دانیم از کجا آمده.,گاهی از خودش می‌پرسیم، اما جایی ثبت نمی‌کنیم.,بیشتر وقت‌ها می‌دانیم از کدام کانال آمده.,دقیق ثبت می‌کنیم و بعداً بررسی می‌کنیم کدام کانال فروش بیشتری ساخته.,ترسیم مسیر واقعی مشتری از اولین مواجهه تا خرید و بعد از آن، ثبت منبع ورود هر مشتری، تعریف قدم بعدی هر مرحله، شناسایی نقاط ریزش و اتصال هر فعالیت بازاریابی به یک مرحلهٔ مشخص قیف.,شناخت منبع ورود مشتریان به قیف را می‌سنجد.,جمع ۵ سؤال (۰ تا ۱۵). ۰–۳ بحرانی: فروش کاملاً حدسی. ۴–۶ ضعیف: مسیر پراکنده و ذهنی. ۷–۹ متوسط: مسیر تا حدی روشن. ۱۰–۱۲ سالم: مسیر مشخص و قابل پیگیری. ۱۳–۱۵ پیشرفته: مسیر شفاف، داده‌محور و قابل پیش‌بینی.,۰ بحرانی: منبع ورود کاملاً نامشخص. ۱ ضعیف: حدس کلی. ۲ متوسط: ثبت نسبی منبع. ۳ پیشرفته: منبع ورود هر مشتری مشخص و ثبت‌شده.,عارضهٔ استراتژیک و بنیادی قیف. ضعف یعنی نامشخص‌بودن منبع ورود مشتری، نامعلوم‌بودن قدم بعدی، ناشناخته‌بودن نقطهٔ ریزش، پراکندگی فعالیت‌های بازاریابی و غیرقابل‌پیش‌بینی‌بودن فروش. نتیجه: فروش حدسی، CAC بالا و تصمیم‌گیری بدون داده.
وقتی مشتری برای اولین بار شما را می‌بیند، قدم بعدی برایش واضح است؟,15,شفافیت مسیر فروش,2,نه، معمولاً فقط ما را می‌بیند و معلوم نیست بعدش باید چه کار کند.,تا حدی مشخص است، ولی همیشه واضح نیست.,در بیشتر جاها قدم بعدی مشخص است.,در همه کانال‌های اصلی، قدم بعدی کاملاً واضح است و مشتری سردرگم نمی‌شود.,ترسیم مسیر واقعی مشتری از اولین مواجهه تا خرید و بعد از آن، ثبت منبع ورود هر مشتری، تعریف قدم بعدی هر مرحله، شناسایی نقاط ریزش و اتصال هر فعالیت بازاریابی به یک مرحلهٔ مشخص قیف.,روشن‌بودن مسیر و قدم بعدی پس از اولین مواجههٔ مشتری را می‌سنجد.,جمع ۵ سؤال (۰ تا ۱۵). ۰–۳ بحرانی: فروش کاملاً حدسی. ۴–۶ ضعیف: مسیر پراکنده و ذهنی. ۷–۹ متوسط: مسیر تا حدی روشن. ۱۰–۱۲ سالم: مسیر مشخص و قابل پیگیری. ۱۳–۱۵ پیشرفته: مسیر شفاف، داده‌محور و قابل پیش‌بینی.,۰ بحرانی: مسیر بعدی نامشخص. ۱ ضعیف: گاهی روشن. ۲ متوسط: در بیشتر موارد مشخص. ۳ پیشرفته: قدم بعدی هر مرحله تعریف‌شده.,عارضهٔ استراتژیک و بنیادی قیف. ضعف یعنی نامشخص‌بودن منبع ورود مشتری، نامعلوم‌بودن قدم بعدی، ناشناخته‌بودن نقطهٔ ریزش، پراکندگی فعالیت‌های بازاریابی و غیرقابل‌پیش‌بینی‌بودن فروش. نتیجه: فروش حدسی، CAC بالا و تصمیم‌گیری بدون داده.
معمولاً می‌دانید مشتری‌ها بیشتر در کدام نقطه منصرف می‌شوند؟,15,شفافیت مسیر فروش,3,نه، فقط می‌بینیم بعضی‌ها نمی‌خرند.,حدس‌هایی داریم، ولی مطمئن نیستیم.,تقریباً می‌دانیم کجا گیر می‌کنند، اما عدد دقیق نداریم.,دقیق می‌دانیم در هر مرحله چند نفر ادامه می‌دهند و چند نفر منصرف می‌شوند.,ترسیم مسیر واقعی مشتری از اولین مواجهه تا خرید و بعد از آن، ثبت منبع ورود هر مشتری، تعریف قدم بعدی هر مرحله، شناسایی نقاط ریزش و اتصال هر فعالیت بازاریابی به یک مرحلهٔ مشخص قیف.,شناخت نقطه‌ای که بیشتر مشتریان از مسیر خرید منصرف می‌شوند را می‌سنجد.,جمع ۵ سؤال (۰ تا ۱۵). ۰–۳ بحرانی: فروش کاملاً حدسی. ۴–۶ ضعیف: مسیر پراکنده و ذهنی. ۷–۹ متوسط: مسیر تا حدی روشن. ۱۰–۱۲ سالم: مسیر مشخص و قابل پیگیری. ۱۳–۱۵ پیشرفته: مسیر شفاف، داده‌محور و قابل پیش‌بینی.,۰ بحرانی: نقطهٔ ریزش ناشناخته. ۱ ضعیف: حدس بدون داده. ۲ متوسط: شناخت نسبی نقاط ریزش. ۳ پیشرفته: نقاط ریزش مشخص و پایش‌شده.,عارضهٔ استراتژیک و بنیادی قیف. ضعف یعنی نامشخص‌بودن منبع ورود مشتری، نامعلوم‌بودن قدم بعدی، ناشناخته‌بودن نقطهٔ ریزش، پراکندگی فعالیت‌های بازاریابی و غیرقابل‌پیش‌بینی‌بودن فروش. نتیجه: فروش حدسی، CAC بالا و تصمیم‌گیری بدون داده.
وقتی تبلیغ، محتوا، پیامک، تماس فروش یا تخفیف اجرا می‌کنید، می‌دانید هرکدام دقیقاً قرار است چه نتیجه‌ای بسازد؟,15,شفافیت مسیر فروش,4,نه، بیشتر کارها را انجام می‌دهیم به امید اینکه فروش بیشتر شود.,برای بعضی کارها هدف داریم، ولی خیلی از فعالیت‌ها جدا از هم اجرا می‌شوند.,بیشتر فعالیت‌ها هدف مشخص دارند.,برای هر فعالیت دقیقاً مشخص است هدفش چیست، قدم بعدی چیست و چطور نتیجه‌اش را می‌سنجیم.,ترسیم مسیر واقعی مشتری از اولین مواجهه تا خرید و بعد از آن، ثبت منبع ورود هر مشتری، تعریف قدم بعدی هر مرحله، شناسایی نقاط ریزش و اتصال هر فعالیت بازاریابی به یک مرحلهٔ مشخص قیف.,اتصال فعالیت‌های بازاریابی به مراحل مشخص قیف و نتیجه را می‌سنجد.,جمع ۵ سؤال (۰ تا ۱۵). ۰–۳ بحرانی: فروش کاملاً حدسی. ۴–۶ ضعیف: مسیر پراکنده و ذهنی. ۷–۹ متوسط: مسیر تا حدی روشن. ۱۰–۱۲ سالم: مسیر مشخص و قابل پیگیری. ۱۳–۱۵ پیشرفته: مسیر شفاف، داده‌محور و قابل پیش‌بینی.,۰ بحرانی: فعالیت‌های پراکنده و بی‌ارتباط. ۱ ضعیف: ارتباط مبهم. ۲ متوسط: بیشتر فعالیت‌ها متصل به مرحله. ۳ پیشرفته: هر فعالیت به یک مرحلهٔ مشخص قیف متصل.,عارضهٔ استراتژیک و بنیادی قیف. ضعف یعنی نامشخص‌بودن منبع ورود مشتری، نامعلوم‌بودن قدم بعدی، ناشناخته‌بودن نقطهٔ ریزش، پراکندگی فعالیت‌های بازاریابی و غیرقابل‌پیش‌بینی‌بودن فروش. نتیجه: فروش حدسی، CAC بالا و تصمیم‌گیری بدون داده.
اگر از شما بپرسند ماه آینده حدوداً چقدر فروش خواهید داشت، چقدر می‌توانید با اطمینان جواب بدهید؟,15,شفافیت مسیر فروش,5,تقریباً نمی‌شود گفت؛ بستگی به بازار و اتفاقات ماه دارد.,یک حدس کلی می‌زنیم، بیشتر بر اساس تجربه ماه‌های قبل.,تا حدی می‌توانیم پیش‌بینی کنیم، چون حدوداً می‌دانیم چقدر ورودی و فروش داریم.,نسبتاً دقیق پیش‌بینی می‌کنیم، چون می‌دانیم از هر کانال چند مشتری می‌آید و چند نفرشان خرید می‌کنند.,ترسیم مسیر واقعی مشتری از اولین مواجهه تا خرید و بعد از آن، ثبت منبع ورود هر مشتری، تعریف قدم بعدی هر مرحله، شناسایی نقاط ریزش و اتصال هر فعالیت بازاریابی به یک مرحلهٔ مشخص قیف.,قابلیت پیش‌بینی فروش ماه بعد بر اساس مسیر و داده را می‌سنجد.,جمع ۵ سؤال (۰ تا ۱۵). ۰–۳ بحرانی: فروش کاملاً حدسی. ۴–۶ ضعیف: مسیر پراکنده و ذهنی. ۷–۹ متوسط: مسیر تا حدی روشن. ۱۰–۱۲ سالم: مسیر مشخص و قابل پیگیری. ۱۳–۱۵ پیشرفته: مسیر شفاف، داده‌محور و قابل پیش‌بینی.,۰ بحرانی: فروش کاملاً غیرقابل پیش‌بینی. ۱ ضعیف: حدس شهودی. ۲ متوسط: پیش‌بینی نسبی. ۳ پیشرفته: پیش‌بینی داده‌محور و قابل اتکا.,عارضهٔ استراتژیک و بنیادی قیف. ضعف یعنی نامشخص‌بودن منبع ورود مشتری، نامعلوم‌بودن قدم بعدی، ناشناخته‌بودن نقطهٔ ریزش، پراکندگی فعالیت‌های بازاریابی و غیرقابل‌پیش‌بینی‌بودن فروش. نتیجه: فروش حدسی، CAC بالا و تصمیم‌گیری بدون داده.
در یک ماه معمولی، می‌دانید چند نفر واقعاً وارد مسیر خرید از شما می‌شوند؟,16,اندازه‌گیری، تحلیل و بهینه‌سازی فروش,1,نه، تعداد ورودی‌ها را دقیق نمی‌دانیم.,حدودی می‌دانیم، اما ثبت منظم نداریم.,بیشتر ورودی‌ها را ثبت می‌کنیم.,تعداد ورودی‌ها به تفکیک کانال، نوع مشتری و وضعیت خرید ثبت می‌شود.,ساخت داشبورد سادهٔ قیف (ورودی، خروجی، نرخ تبدیل، نقطهٔ ریزش، علت، اقدام اصلاحی)، ثبت ورودی به‌تفکیک کانال، اندازه‌گیری نرخ تبدیل مراحل، تحلیل اثر هر فعالیت بر فروش و استقرار چرخهٔ اندازه‌گیری-تحلیل-اصلاح-تست.,شناخت تعداد ورودی/سرنخ قیف را می‌سنجد.,جمع ۵ سؤال (۰ تا ۱۵). ۰–۳ بحرانی: مدیریت کاملاً حدسی. ۴–۶ ضعیف: عدد پراکنده. ۷–۹ متوسط: ثبت نسبی. ۱۰–۱۲ سالم: مدیریت داده‌محور پایه. ۱۳–۱۵ پیشرفته: چرخهٔ کامل اندازه‌گیری و بهینه‌سازی.,۰ بحرانی: عددی وجود ندارد. ۱ ضعیف: تخمین ذهنی. ۲ متوسط: ثبت نسبی ورودی. ۳ پیشرفته: تعداد ورودی به‌تفکیک کانال مشخص.,عارضهٔ مدیریتی و سیستمی. ضعف یعنی نبود عدد برای ورودی/تبدیل/ریزش، ناشناخته‌بودن اثر فعالیت‌ها و اصلاح حدسی. نتیجه: پنهان‌ماندن مشکل واقعی، مصرف بودجه در جای غلط و رشد غیرقابل‌تکرار.
وقتی مشتری‌ها پیام می‌دهند، تماس می‌گیرند یا قیمت می‌پرسند، می‌دانید از بین آن‌ها چند نفر در نهایت خرید می‌کنند؟,16,اندازه‌گیری، تحلیل و بهینه‌سازی فروش,2,نه، نرخ تبدیل را نمی‌دانیم.,یک حس کلی داریم.,تا حدی نرخ تبدیل پیام، تماس یا استعلام به خرید را می‌دانیم.,نرخ تبدیل مراحل مختلف فروش را منظم اندازه‌گیری می‌کنیم.,ساخت داشبورد سادهٔ قیف (ورودی، خروجی، نرخ تبدیل، نقطهٔ ریزش، علت، اقدام اصلاحی)، ثبت ورودی به‌تفکیک کانال، اندازه‌گیری نرخ تبدیل مراحل، تحلیل اثر هر فعالیت بر فروش و استقرار چرخهٔ اندازه‌گیری-تحلیل-اصلاح-تست.,شناخت نرخ تبدیل مراحل قیف را می‌سنجد.,جمع ۵ سؤال (۰ تا ۱۵). ۰–۳ بحرانی: مدیریت کاملاً حدسی. ۴–۶ ضعیف: عدد پراکنده. ۷–۹ متوسط: ثبت نسبی. ۱۰–۱۲ سالم: مدیریت داده‌محور پایه. ۱۳–۱۵ پیشرفته: چرخهٔ کامل اندازه‌گیری و بهینه‌سازی.,۰ بحرانی: نرخ تبدیل ناشناخته. ۱ ضعیف: حدس کلی. ۲ متوسط: محاسبهٔ نسبی. ۳ پیشرفته: نرخ تبدیل مراحل اندازه‌گیری و پایش‌شده.,عارضهٔ مدیریتی و سیستمی. ضعف یعنی نبود عدد برای ورودی/تبدیل/ریزش، ناشناخته‌بودن اثر فعالیت‌ها و اصلاح حدسی. نتیجه: پنهان‌ماندن مشکل واقعی، مصرف بودجه در جای غلط و رشد غیرقابل‌تکرار.
وقتی مشتری خرید نمی‌کند، معمولاً می‌دانید در کدام نقطه از مسیر منصرف شده؟,16,اندازه‌گیری، تحلیل و بهینه‌سازی فروش,3,نه، فقط می‌دانیم نخرید.,گاهی حدس می‌زنیم دلیل یا نقطه توقف چه بوده.,در بیشتر موارد نقطه توقف را می‌دانیم.,نقطه ریزش و علت احتمالی آن ثبت و تحلیل می‌شود.,ساخت داشبورد سادهٔ قیف (ورودی، خروجی، نرخ تبدیل، نقطهٔ ریزش، علت، اقدام اصلاحی)، ثبت ورودی به‌تفکیک کانال، اندازه‌گیری نرخ تبدیل مراحل، تحلیل اثر هر فعالیت بر فروش و استقرار چرخهٔ اندازه‌گیری-تحلیل-اصلاح-تست.,شناخت دقیق نقطهٔ اصلی ریزش قیف را می‌سنجد.,جمع ۵ سؤال (۰ تا ۱۵). ۰–۳ بحرانی: مدیریت کاملاً حدسی. ۴–۶ ضعیف: عدد پراکنده. ۷–۹ متوسط: ثبت نسبی. ۱۰–۱۲ سالم: مدیریت داده‌محور پایه. ۱۳–۱۵ پیشرفته: چرخهٔ کامل اندازه‌گیری و بهینه‌سازی.,۰ بحرانی: نقطهٔ ریزش نامشخص. ۱ ضعیف: حدس بدون داده. ۲ متوسط: شناخت نسبی. ۳ پیشرفته: نقطهٔ ریزش با داده مشخص.,عارضهٔ مدیریتی و سیستمی. ضعف یعنی نبود عدد برای ورودی/تبدیل/ریزش، ناشناخته‌بودن اثر فعالیت‌ها و اصلاح حدسی. نتیجه: پنهان‌ماندن مشکل واقعی، مصرف بودجه در جای غلط و رشد غیرقابل‌تکرار.
وقتی تبلیغ، محتوا، تخفیف، پیامک، تماس یا کمپین اجرا می‌کنید، می‌دانید کدامشان واقعاً مشتری یا فروش ساخته؟,16,اندازه‌گیری، تحلیل و بهینه‌سازی فروش,4,نه، اثر فعالیت‌ها مشخص نیست.,بعضی نتایج را می‌بینیم، اما کامل به فروش وصل نیست.,بیشتر فعالیت‌ها از نظر ورودی یا فروش بررسی می‌شوند.,اثر هر فعالیت روی سرنخ، کیفیت لید، فروش و سودآوری تحلیل می‌شود.,ساخت داشبورد سادهٔ قیف (ورودی، خروجی، نرخ تبدیل، نقطهٔ ریزش، علت، اقدام اصلاحی)، ثبت ورودی به‌تفکیک کانال، اندازه‌گیری نرخ تبدیل مراحل، تحلیل اثر هر فعالیت بر فروش و استقرار چرخهٔ اندازه‌گیری-تحلیل-اصلاح-تست.,شناخت اثر هر فعالیت بازاریابی/فروش بر نتیجه را می‌سنجد.,جمع ۵ سؤال (۰ تا ۱۵). ۰–۳ بحرانی: مدیریت کاملاً حدسی. ۴–۶ ضعیف: عدد پراکنده. ۷–۹ متوسط: ثبت نسبی. ۱۰–۱۲ سالم: مدیریت داده‌محور پایه. ۱۳–۱۵ پیشرفته: چرخهٔ کامل اندازه‌گیری و بهینه‌سازی.,۰ بحرانی: اثر فعالیت‌ها ناشناخته. ۱ ضعیف: حدس کیفی. ۲ متوسط: ارزیابی نسبی. ۳ پیشرفته: اثر فعالیت‌ها با داده تحلیل‌شده.,عارضهٔ مدیریتی و سیستمی. ضعف یعنی نبود عدد برای ورودی/تبدیل/ریزش، ناشناخته‌بودن اثر فعالیت‌ها و اصلاح حدسی. نتیجه: پنهان‌ماندن مشکل واقعی، مصرف بودجه در جای غلط و رشد غیرقابل‌تکرار.
وقتی متوجه می‌شوید یک بخش از فروش خوب کار نمی‌کند، آیا بر اساس عددها آن را اصلاح می‌کنید و دوباره نتیجه را بررسی می‌کنید؟,16,اندازه‌گیری، تحلیل و بهینه‌سازی فروش,5,نه، اصلاح‌ها بیشتر بر اساس حدس است.,گاهی عددها را نگاه می‌کنیم، اما پیگیری بعد از اصلاح نداریم.,معمولاً بر اساس داده اصلاح می‌کنیم.,چرخه منظم اندازه‌گیری، تحلیل، اصلاح، تست و بهینه‌سازی داریم.,ساخت داشبورد سادهٔ قیف (ورودی، خروجی، نرخ تبدیل، نقطهٔ ریزش، علت، اقدام اصلاحی)، ثبت ورودی به‌تفکیک کانال، اندازه‌گیری نرخ تبدیل مراحل، تحلیل اثر هر فعالیت بر فروش و استقرار چرخهٔ اندازه‌گیری-تحلیل-اصلاح-تست.,وجود چرخهٔ اصلاح داده‌محور و تست مستمر را می‌سنجد.,جمع ۵ سؤال (۰ تا ۱۵). ۰–۳ بحرانی: مدیریت کاملاً حدسی. ۴–۶ ضعیف: عدد پراکنده. ۷–۹ متوسط: ثبت نسبی. ۱۰–۱۲ سالم: مدیریت داده‌محور پایه. ۱۳–۱۵ پیشرفته: چرخهٔ کامل اندازه‌گیری و بهینه‌سازی.,۰ بحرانی: اصلاح حدسی. ۱ ضعیف: تغییر بدون سنجش. ۲ متوسط: اصلاح نسبتاً داده‌محور. ۳ پیشرفته: چرخهٔ اندازه‌گیری-تحلیل-اصلاح-تست مستمر.,عارضهٔ مدیریتی و سیستمی. ضعف یعنی نبود عدد برای ورودی/تبدیل/ریزش، ناشناخته‌بودن اثر فعالیت‌ها و اصلاح حدسی. نتیجه: پنهان‌ماندن مشکل واقعی، مصرف بودجه در جای غلط و رشد غیرقابل‌تکرار.